tenure_months,monthly_charges,total_charges,support_calls,contracts_left,is_senior,churn
28.7,67.72,1901.0,3,4,0,1
17.9,65.73,1021.19,0,10,1,1
16.6,10.0,197.86,2,1,0,1
16.6,33.58,467.1,2,9,0,1
55.8,59.46,3436.06,1,4,0,0
34.4,37.15,1342.47,1,7,0,1
13.6,89.83,1237.88,3,8,0,0
29.6,80.46,2539.49,2,8,1,1
24.0,78.99,1603.84,5,0,0,1
2.6,10.0,100.0,1,6,0,1
8.1,56.86,419.05,4,11,0,1
25.3,52.56,1562.28,2,10,0,1
52.4,46.15,2670.77,2,7,0,1
16.7,59.62,1184.01,2,9,1,1
12.7,41.84,432.99,4,2,0,1
21.8,75.38,1499.86,0,5,0,1
12.1,89.16,944.58,1,10,0,0
15.8,87.01,1106.84,1,2,0,1
19.8,66.55,1181.42,3,8,0,0
7.7,119.98,987.56,1,2,0,0
35.6,98.5,3132.97,1,1,0,1
6.4,67.46,434.81,3,8,0,0
5.7,57.94,379.74,2,10,1,0
23.2,103.45,2586.89,6,7,0,1
33.8,95.19,3078.17,4,7,1,0
22.8,34.74,750.8,1,1,0,0
18.3,97.15,1742.6,1,5,0,0
15.7,66.14,903.61,1,4,0,1
13.7,48.48,698.66,2,11,0,1
41.3,20.52,800.52,2,1,0,0
25.5,63.28,1837.56,7,4,0,0
14.6,69.69,1122.56,3,3,0,1
11.2,109.68,1287.25,1,8,0,0
31.1,93.93,2758.25,1,11,0,0
40.6,55.43,1989.33,1,0,0,1
38.2,79.73,3380.01,1,5,1,0
9.6,90.66,866.7,2,6,0,1
15.6,72.15,1000.45,2,11,0,0
13.5,55.32,653.7,1,5,1,1
17.3,56.7,847.57,3,4,1,0
35.4,79.64,3132.84,1,11,0,0
49.2,80.32,3525.5,0,3,0,1
26.1,62.68,1655.93,2,4,1,1
11.6,10.0,113.54,5,8,0,1
19.5,37.74,757.36,2,4,0,0
55.4,85.49,5445.92,2,9,0,0
21.4,16.73,410.26,1,7,0,0
15.7,99.6,1534.77,3,6,1,1
16.8,95.9,1297.79,1,3,0,1
26.1,71.03,1796.39,1,9,1,1
9.9,84.95,877.38,2,4,0,0
13.2,83.22,1123.06,3,6,0,1
37.8,67.08,2688.85,1,5,0,0
25.5,35.65,784.5,4,2,1,1
21.5,94.18,2147.78,3,9,0,1
39.1,105.18,3587.96,3,2,0,0
11.0,39.79,480.45,2,1,0,1
15.3,34.72,498.34,4,2,0,0
24.9,66.58,1800.44,3,10,0,1
24.3,54.34,1082.76,2,9,0,1
5.1,73.62,362.36,3,0,1,1
14.2,100.2,1535.79,2,8,0,0
17.6,13.86,217.31,1,1,0,1
26.9,109.53,3298.74,2,11,0,1
24.3,59.83,1527.56,4,2,0,0
18.9,82.79,1616.94,3,4,0,1
2.6,85.47,206.73,5,9,1,1
19.6,88.38,1719.46,2,11,0,0
20.9,71.55,1557.12,0,3,1,0
72.0,77.39,5510.63,1,4,1,0
17.2,77.23,1430.77,1,5,0,1
25.0,54.24,1322.47,0,4,0,0
43.4,26.05,996.85,0,9,0,1
34.1,39.52,1191.93,4,0,0,1
50.6,67.39,2733.52,2,5,0,1
5.2,50.33,240.64,4,8,0,0
8.2,50.39,456.8,1,2,0,1
12.4,114.98,1599.6,1,1,1,1
4.3,91.47,347.47,1,5,0,1
21.1,63.7,1589.39,6,11,0,0
8.9,86.8,770.68,2,2,0,0
54.9,59.49,3811.13,2,3,0,0
10.2,72.77,800.03,3,5,0,1
15.4,81.04,1360.31,6,11,1,1
35.4,59.56,1760.22,4,11,0,0
6.3,52.87,298.1,2,5,0,1
4.0,100.6,323.58,1,11,0,0
23.0,85.35,2132.72,2,1,0,0
24.3,13.63,310.74,2,2,0,1
34.7,53.3,2062.72,1,8,1,0
29.2,50.47,1379.89,0,1,1,1
25.0,54.47,1533.44,0,2,0,0
11.2,91.56,874.5,1,8,0,1
23.8,70.48,1459.38,2,3,0,0
24.9,35.26,821.83,4,0,0,1
10.8,60.42,631.5,0,10,0,1
65.1,83.54,5106.78,4,1,0,0
28.3,64.51,2016.36,5,2,0,1
8.4,53.88,378.81,2,8,0,1
34.8,78.28,2564.93,1,8,0,0
38.9,110.45,4881.91,2,10,0,0
27.1,81.54,1826.77,1,5,0,1
16.4,102.52,1983.02,1,10,0,1
10.4,55.56,693.42,2,5,0,1
18.8,69.79,1097.84,0,2,1,0
25.8,69.29,1636.07,0,4,0,1
20.2,72.97,1398.85,3,10,1,1
52.0,81.01,4680.78,2,3,0,1
31.3,47.03,1530.48,2,9,0,1
9.4,86.18,860.83,0,9,0,0
7.6,29.3,244.81,1,11,0,1
28.4,36.61,882.12,0,8,0,1
16.7,123.39,2340.03,1,8,0,0
33.2,57.25,2058.52,0,0,0,1
28.3,88.24,2571.08,2,7,0,0
18.9,112.46,2455.85,3,8,0,0
9.5,12.14,125.09,2,4,0,1
4.5,98.16,390.24,5,3,1,1
23.5,86.22,1969.6,4,9,1,0
6.2,111.01,691.39,2,3,0,0
9.2,40.46,305.84,1,1,0,1
22.5,106.28,2823.35,2,8,0,1
20.9,51.51,917.37,1,4,1,0
7.0,96.37,728.35,2,10,0,1
41.9,69.1,2903.03,3,2,1,0
41.2,89.27,2977.87,2,5,0,0
29.1,71.22,2423.59,0,8,1,1
29.1,24.01,796.15,3,8,0,1
29.1,10.0,293.69,7,11,0,1
38.7,75.25,2597.61,2,4,0,0
31.9,63.41,1715.66,2,7,1,1
10.3,79.96,775.33,2,3,1,1
16.6,63.7,951.1,2,4,0,1
72.0,120.45,8695.75,2,6,0,0
2.8,75.76,249.72,1,6,0,1
13.5,58.83,820.6,1,6,0,0
42.1,78.43,3813.28,3,7,1,1
10.8,59.28,681.36,3,10,0,0
32.5,72.32,2326.07,2,4,0,0
20.7,39.56,935.76,2,0,0,1
11.5,69.79,793.93,2,10,0,1
2.2,58.05,144.69,0,8,1,1
23.0,41.93,885.17,3,8,0,0
10.1,119.39,1023.1,2,6,0,0
18.3,42.91,895.54,2,11,0,1
28.9,70.17,2098.04,1,5,0,1
36.6,49.93,2113.79,3,4,0,1
13.5,77.43,1229.0,5,4,1,1
11.5,38.14,359.99,0,2,0,1
6.1,91.01,558.62,0,9,1,1
37.9,120.9,4347.97,1,0,0,0
72.0,49.01,3706.48,2,5,1,1
40.6,100.42,4560.27,2,7,0,0
46.7,60.45,2577.99,1,1,0,0
10.9,107.64,1201.97,5,7,0,1
27.7,124.71,3742.1,0,7,1,1
34.6,64.16,1893.1,1,9,0,1
8.0,31.99,286.58,2,7,0,1
57.4,93.7,5611.26,2,9,1,0
5.0,75.61,447.69,3,2,0,1
51.7,82.54,3991.16,0,9,0,1
5.0,61.5,258.46,2,7,0,1
8.3,47.89,399.58,0,10,0,1
28.0,99.01,2316.83,1,11,0,1
21.1,77.99,1954.86,4,11,0,0
14.6,33.91,403.88,6,3,0,1
56.0,87.17,5377.18,0,2,0,0
6.3,82.15,522.74,3,10,0,0
17.7,61.87,1039.82,0,8,0,0
30.6,110.5,2791.12,0,7,0,1
24.7,54.55,1411.77,1,9,0,1
11.8,65.78,804.04,4,1,1,0
12.2,89.22,992.11,3,7,1,0
36.3,71.92,3035.73,0,10,1,1
37.4,35.39,1220.65,0,10,0,1
25.1,74.59,1838.22,0,2,1,1
9.7,59.64,589.25,2,9,1,1
12.5,91.42,961.33,4,11,0,0
19.7,73.78,1702.82,2,5,0,1
21.9,72.36,1503.37,3,4,0,1
29.7,43.79,1083.63,0,7,0,1
17.0,64.25,1044.74,3,8,1,1
35.7,94.25,3500.28,5,10,0,0
35.4,50.59,1802.34,2,6,0,0
47.8,69.19,3565.01,4,5,0,0
20.3,46.59,778.63,2,5,0,1
25.5,40.4,939.81,3,0,0,1
18.1,67.88,1381.72,1,4,1,1
9.8,74.35,606.99,1,7,0,1
72.0,119.85,9855.94,1,5,1,0
43.8,58.61,2150.2,5,11,0,1
34.9,68.75,2723.48,2,0,0,1
19.8,38.75,724.89,3,4,0,1
9.1,85.31,808.58,0,10,1,1
39.2,79.95,2700.98,1,11,0,1
17.8,107.21,1577.82,3,4,0,1
27.1,97.79,2349.3,2,11,0,1
12.5,78.79,836.63,1,2,1,1
24.0,58.25,1295.22,1,7,0,1
13.1,75.12,991.93,1,8,0,0
13.6,67.22,943.53,1,5,0,1
23.8,93.83,2493.74,1,5,0,1
4.9,90.66,472.82,2,1,1,1
5.2,62.59,336.99,2,9,1,0
10.8,33.45,348.74,0,1,0,1
16.9,103.33,1725.22,1,5,1,1
36.4,84.55,2976.06,1,11,0,0
17.6,62.01,1242.44,4,7,0,0
19.7,83.57,1469.64,1,1,1,1
15.9,71.87,914.12,1,8,0,1
25.4,102.97,2776.65,0,11,0,0
9.7,21.76,186.43,0,8,0,1
18.4,60.07,1275.13,1,3,0,1
26.9,109.98,3382.12,4,3,0,0
23.7,84.08,1653.66,1,3,0,0
20.2,114.32,1945.19,1,10,1,0
20.4,39.45,802.62,1,4,0,1
28.7,96.8,2904.68,1,7,0,1
72.0,95.31,6244.17,1,1,1,1
10.3,27.96,313.29,0,10,0,1
72.0,62.61,4679.25,1,4,0,0
9.9,67.34,620.52,1,1,0,1
1.8,29.51,100.0,3,10,0,0
12.9,63.13,896.68,5,10,0,0
25.8,91.83,2096.88,7,7,0,0
65.4,60.23,4467.12,5,0,1,1
9.1,76.05,667.13,0,6,1,0
28.6,76.23,2249.85,3,2,1,1
5.7,69.7,458.69,4,3,0,1
63.9,52.37,3833.49,1,7,0,0
44.4,86.47,3642.05,1,2,1,1
13.6,30.32,363.76,4,11,0,0
49.2,70.21,3831.67,1,6,0,1
18.3,104.64,1861.31,0,11,0,0
46.0,58.82,2370.07,1,0,0,1
20.1,51.82,1208.89,2,8,0,1
20.7,88.14,1606.98,0,5,0,0
13.8,74.09,828.85,3,2,0,1
31.3,88.64,2240.82,2,6,0,0
21.9,70.96,1631.76,5,4,0,1
29.1,10.29,318.61,3,7,1,1
4.4,99.5,405.13,3,7,1,1
47.0,121.75,5315.0,1,11,0,1
54.9,102.1,5249.24,2,8,0,0
21.8,10.0,234.2,4,5,0,1
71.9,81.28,4812.59,2,3,0,0
61.4,58.33,4194.97,1,1,0,0
31.8,42.89,1210.98,2,2,0,1
49.6,73.07,4346.62,5,4,1,1
41.3,66.28,2376.78,3,7,0,0
3.3,82.72,298.35,1,11,0,1
16.1,71.41,1023.2,4,9,0,1
33.3,41.98,1163.64,0,1,0,1
57.3,55.58,3664.42,2,4,0,0
5.3,51.55,314.39,2,8,0,1
3.5,27.09,100.0,2,1,0,1
19.2,35.71,739.25,5,7,0,1
2.0,64.72,134.15,1,2,0,1
18.7,105.59,2247.47,1,7,0,1
26.2,56.61,1375.26,1,3,0,0
8.7,51.06,447.8,1,3,0,1
19.0,40.47,766.18,2,11,0,1
38.7,70.76,2581.59,3,6,0,1
12.9,99.48,1479.5,3,4,0,1
10.1,120.07,1046.43,2,3,0,1
18.4,77.13,1219.46,1,6,0,1
7.9,73.5,596.01,1,11,0,1
68.5,56.41,4107.08,4,2,0,0
20.6,60.59,1093.02,2,8,0,1
11.0,85.73,901.84,1,4,0,1
23.5,62.13,1720.91,1,11,1,1
18.3,65.94,1085.03,5,2,1,1
16.8,69.37,1241.49,1,1,0,1
12.9,55.23,778.22,2,6,1,1
12.3,68.13,823.23,4,11,0,1
4.5,19.51,103.47,2,6,1,1
49.5,83.72,4539.06,2,11,0,0
30.3,128.79,3840.29,1,4,0,1
25.2,56.2,1456.63,1,3,0,1
18.1,79.35,1545.36,1,10,0,1
8.5,91.29,809.18,2,1,0,1
10.4,102.01,1224.13,2,1,0,1
5.1,63.39,302.84,0,6,0,1
11.6,24.92,265.04,3,9,0,1
7.5,76.68,508.47,3,6,1,0
59.2,73.22,3531.58,1,3,0,0
37.0,61.36,1855.44,3,3,0,0
21.2,66.66,1624.17,4,3,0,1
9.4,73.59,741.47,4,10,0,0
7.9,79.04,660.37,2,1,0,1
17.2,78.0,1402.53,1,8,0,0
38.1,64.56,2799.78,0,0,1,1
5.2,79.61,411.93,3,7,0,1
30.1,62.87,2169.35,2,5,0,1
11.5,86.05,935.47,0,9,0,0
13.4,54.31,849.67,5,6,0,0
20.8,71.83,1609.69,4,11,0,1
9.7,29.41,257.31,1,4,0,1
16.5,60.75,1029.47,4,5,0,1
9.0,84.19,765.77,3,5,0,1
12.3,44.16,465.57,4,8,0,1
34.1,62.0,2193.42,3,9,1,0
21.6,10.0,199.8,1,3,0,1
34.0,35.8,1000.51,3,11,0,1
11.4,42.34,568.81,2,10,0,1
30.2,72.54,2315.27,2,11,1,1
3.9,78.34,351.35,2,4,0,1
20.8,68.6,1523.97,1,3,1,1
31.6,60.44,1801.29,5,0,0,1
3.7,60.52,226.49,4,9,0,1
11.5,87.9,1082.49,1,5,0,1
20.7,75.32,1850.04,3,4,0,1
40.0,61.65,2222.55,3,3,0,0
12.3,102.33,1450.77,4,5,0,1
29.4,118.75,4080.91,1,11,0,1
51.7,38.86,2144.84,1,4,0,1
30.3,83.06,2954.68,2,2,0,1
17.0,147.25,2403.28,1,1,0,0
26.3,77.01,2393.89,1,5,0,0
12.0,72.89,947.66,0,3,0,0
21.4,68.61,1197.63,2,10,0,1
17.7,82.25,1691.31,2,9,0,1
25.7,88.87,2269.77,1,2,0,0
14.3,38.88,546.17,1,7,0,1
26.8,69.34,1904.41,3,11,0,0
14.2,13.26,161.48,2,8,1,1
36.8,64.77,2351.37,1,6,0,0
15.4,47.43,825.2,1,1,0,1
2.1,78.48,134.55,1,7,0,1
8.1,28.59,210.42,2,10,0,1
20.3,57.19,929.33,4,10,0,1
58.8,94.16,5353.33,1,4,0,0
35.8,53.09,2074.1,0,10,0,1
1.6,22.38,100.0,1,9,0,1
4.7,76.44,425.57,2,6,0,1
43.5,55.34,2509.7,0,4,0,0
31.5,65.35,1856.09,3,1,0,0
72.0,51.75,4358.42,1,11,0,0
13.7,119.36,1814.56,1,11,0,1
9.5,31.05,304.12,7,11,0,1
21.1,140.84,3208.67,1,3,0,0
13.5,60.23,949.43,1,10,0,1
40.8,74.59,3298.74,0,4,0,0
13.1,55.63,690.05,5,5,0,0
16.1,54.58,953.91,1,4,0,1
8.3,50.38,343.15,2,9,0,1
34.2,85.03,2773.41,0,10,1,1
8.8,34.73,295.69,2,0,0,1
27.1,79.1,1858.89,2,0,0,1
65.4,15.39,814.88,4,2,0,1
3.2,76.84,207.34,2,8,0,0
53.3,91.23,5161.47,2,10,0,1
24.7,38.14,1054.1,2,1,1,1
7.1,86.97,742.23,0,9,0,1
21.7,71.28,1454.69,5,4,0,0
33.5,109.96,3828.07,1,8,0,1
10.1,48.62,575.98,6,6,0,1
28.2,140.4,3435.51,3,10,1,0
56.2,10.23,625.3,3,7,0,0
13.1,61.76,890.22,2,1,0,0
8.3,27.54,189.88,1,4,1,1
18.1,116.28,2410.57,5,8,0,1
20.9,63.46,1490.63,0,0,0,1
42.2,65.71,2254.87,2,0,1,1
17.7,81.08,1197.05,3,9,0,0
14.1,69.88,806.97,1,7,0,1
8.1,55.16,415.22,2,1,0,1
3.8,38.58,145.5,1,8,0,1
5.9,74.21,446.01,2,9,0,1
5.9,79.47,425.15,1,8,0,1
16.2,87.38,1652.96,1,3,0,0
4.6,117.82,511.39,4,1,0,0
19.2,15.66,245.57,3,2,0,1
64.5,68.31,4053.4,3,9,0,0
43.0,99.79,4346.69,1,0,0,1
16.1,66.89,1038.44,1,2,0,1
72.0,11.55,756.09,3,4,0,0
20.9,37.72,673.17,5,2,0,1
23.2,78.21,2048.73,1,2,0,1
17.8,77.3,1653.36,5,9,0,1
19.5,86.81,1577.18,1,5,0,0
12.7,50.47,611.03,2,2,0,0
16.3,76.5,1306.12,2,2,0,1
53.5,46.35,2697.55,1,8,1,1
46.2,76.5,3380.24,2,1,0,1
2.0,71.33,166.3,2,0,0,1
5.2,49.48,261.4,2,9,0,1
10.2,108.95,1090.15,2,7,0,0
38.3,27.36,1108.74,3,2,0,1
46.9,66.46,3679.46,0,6,1,1
33.4,48.93,1826.32,4,1,0,1
7.1,115.86,672.39,1,10,1,0
12.9,84.96,1024.45,0,10,0,1
28.6,53.77,1518.54,1,11,1,0
16.5,63.01,962.67,0,7,0,1
14.7,116.53,1854.86,1,8,0,0
14.9,46.34,781.31,1,7,0,1
43.9,25.89,1240.92,2,7,0,0
30.7,77.28,2833.66,2,7,0,1
15.6,77.84,1102.25,0,6,0,1
25.5,86.65,2540.01,2,1,0,0
6.2,86.82,596.12,2,7,1,0
12.9,114.27,1397.73,3,4,0,0
41.1,27.05,1214.25,5,5,1,1
4.3,39.93,143.79,2,3,0,0
30.9,86.56,2987.36,1,0,0,1
2.0,42.36,100.0,2,4,0,1
59.5,33.59,1831.5,0,2,0,1
12.7,116.65,1572.5,5,8,0,0
26.8,29.5,836.75,1,3,0,0
21.8,61.22,1180.68,1,9,0,1
22.4,68.52,1247.58,1,1,0,1
25.2,102.73,2515.77,2,3,0,0
3.5,23.28,100.0,1,2,1,1
22.8,80.39,2105.73,3,2,0,1
17.3,47.74,966.43,4,4,0,1
12.7,85.69,1105.08,2,0,1,1
10.2,47.33,531.95,2,4,0,1
23.2,109.31,2473.3,2,7,0,0
8.3,47.48,435.42,2,9,1,1
40.6,10.0,357.67,1,11,0,1
28.3,50.28,1347.18,2,8,0,1
24.2,63.47,1620.68,2,11,0,1
39.4,97.06,3088.1,2,0,0,0
2.9,38.54,121.24,5,1,0,1
6.0,39.03,265.85,2,1,1,1
29.1,94.01,2628.98,3,5,1,0
10.7,35.62,374.31,0,0,1,0
11.9,65.53,892.57,2,10,0,1
5.2,66.03,378.65,2,0,0,0
8.4,75.44,578.0,1,1,0,0
41.2,51.25,1961.37,2,11,1,1
28.7,46.83,1437.89,1,3,0,1
23.0,78.37,1848.32,2,1,0,0
12.3,47.6,508.11,4,3,0,1
22.0,36.0,730.15,3,2,0,1
43.6,100.69,5093.93,1,2,0,1
11.0,82.2,969.16,3,8,0,1
19.5,114.19,2654.43,3,7,0,0
61.9,89.6,6137.33,4,11,1,0
33.1,38.3,1491.27,3,11,0,1
12.5,72.41,801.75,1,9,0,1
31.3,44.61,1546.04,2,8,0,0
4.2,28.71,100.0,2,0,1,1
18.9,58.82,1185.68,2,11,0,1
31.2,94.54,2916.96,3,4,0,0
26.5,76.87,1911.33,2,11,0,0
31.0,35.23,1251.52,0,11,0,0
35.9,57.94,2374.89,1,3,1,1
28.0,66.43,1504.07,1,10,1,1
27.4,27.77,794.9,1,8,0,1
23.4,87.83,1945.98,1,2,0,1
7.5,64.28,465.36,3,4,0,1
41.2,35.24,1642.66,0,7,0,1
19.4,33.82,606.01,2,9,0,1
32.5,97.52,3733.76,1,4,0,0
38.3,60.48,2021.74,2,8,0,0
13.0,99.76,1383.76,1,1,1,1
14.0,109.3,1635.1,1,5,0,1
15.6,95.56,1341.48,1,4,0,0
46.4,56.66,2447.2,2,8,0,0
9.1,10.0,103.14,2,6,0,1
51.8,77.82,4456.46,2,7,1,1
23.2,122.29,2643.41,2,6,0,1
24.4,69.12,1711.35,1,9,0,1
37.2,20.25,621.2,1,9,0,1
21.3,53.13,999.89,2,4,0,1
41.5,65.41,2696.62,2,10,1,1
13.0,42.55,461.86,3,4,0,1
50.7,10.0,577.11,2,10,1,1
13.9,67.55,1018.07,1,3,1,0
52.0,50.38,3085.83,2,1,1,1
14.2,114.32,1745.38,2,8,1,1
15.9,72.53,1360.1,2,9,0,1
8.1,81.74,678.91,2,9,1,0
10.3,67.02,718.54,2,11,0,0
19.5,72.34,1677.04,1,9,0,1
23.9,28.69,723.29,0,9,0,1
39.5,44.0,1409.99,1,2,0,1
16.9,97.22,1786.28,5,10,0,1
26.5,75.24,2319.62,4,10,0,1
22.7,60.04,1523.38,3,2,0,1
28.6,82.15,2431.81,2,2,0,1
11.7,82.65,1029.49,2,7,0,0
12.9,119.77,1840.87,2,5,0,1
11.7,74.08,722.41,2,0,0,0
44.7,43.44,2069.4,0,11,0,1
51.1,67.11,3129.91,1,2,0,1
12.4,85.19,1115.27,1,3,0,1
12.6,94.89,1247.78,0,1,0,1
31.5,29.62,803.68,4,5,0,0
54.8,76.34,3694.78,2,9,0,1
62.7,47.57,3128.47,0,11,0,1
11.9,55.83,567.03,2,0,0,1
14.6,91.15,1203.67,0,0,1,0
24.8,88.66,2489.85,3,7,0,1
25.6,53.05,1266.12,2,3,1,0
17.4,66.05,1142.67,1,0,0,0
10.0,56.6,666.3,1,6,0,1
19.5,142.29,2470.75,3,8,1,1
62.7,76.96,4610.27,3,9,0,0
13.0,49.01,664.56,3,6,0,1
23.7,103.05,2688.55,0,0,0,0
72.0,103.94,8685.73,0,0,0,0
12.9,114.79,1720.43,3,11,0,0
32.5,122.2,4415.43,3,0,0,1
64.4,87.69,5035.18,1,7,1,0
30.6,61.25,1518.93,4,6,1,1
42.6,64.93,2635.26,0,2,0,0
35.6,62.7,1911.69,1,2,0,1
28.9,59.91,1879.12,3,11,0,1
50.0,101.0,5371.4,2,2,0,0
31.8,70.02,1821.97,2,1,0,1
17.5,94.29,1874.41,1,3,0,1
22.4,86.91,1748.06,4,6,0,0
26.3,42.53,1087.17,2,8,1,1
14.5,27.07,419.02,2,2,0,1
23.1,39.08,877.68,1,9,0,0
20.7,59.33,1200.96,4,6,0,0
31.8,73.36,1924.99,5,11,0,1
72.0,53.79,3720.37,2,3,0,0
24.1,87.58,2335.89,2,0,0,0
55.7,56.81,3692.5,0,4,1,0
31.0,76.42,2285.17,3,7,0,0
23.0,72.94,1628.63,2,2,0,1
13.9,113.36,1697.36,5,9,1,0
23.2,45.62,1243.66,6,3,0,1
22.1,125.21,2512.9,3,2,1,1
11.0,55.14,591.83,3,9,0,1
12.5,36.5,511.5,3,7,0,1
26.4,64.58,1781.75,2,9,0,1
55.4,151.0,7059.64,3,7,0,1
19.0,92.38,1844.77,2,3,0,1
4.9,85.07,365.32,0,10,0,1
8.0,89.88,720.54,2,1,0,0
33.1,50.76,1699.89,2,11,1,1
6.0,78.15,539.45,2,2,0,1
36.8,70.06,2538.89,2,2,0,1
31.9,115.23,3347.09,1,3,0,0
18.5,67.28,1110.94,2,10,0,1
11.1,60.54,771.37,5,1,0,0
16.5,40.88,585.43,1,1,0,1
26.0,73.5,1851.83,0,2,1,0
6.2,77.32,419.54,2,11,0,1
51.7,39.96,2293.6,0,0,0,1
25.8,81.33,2076.23,3,7,0,0
27.9,75.83,1992.76,2,5,0,1
31.7,95.34,2854.32,3,2,0,0
48.5,100.31,5546.53,4,0,1,0
23.2,72.36,1714.91,1,2,0,1
33.1,44.09,1587.42,1,0,0,1
11.2,49.23,641.56,1,2,0,1
62.9,114.05,8324.72,2,3,1,0
22.1,74.14,1522.66,1,5,0,0
11.2,113.65,1502.73,3,6,0,1
13.9,82.47,925.31,4,6,0,1
2.7,88.84,226.9,2,8,0,1
13.8,93.47,1491.84,3,7,0,1
1.0,39.42,100.0,1,3,0,1
34.8,77.67,2458.44,1,5,1,0
27.3,39.08,984.03,4,10,0,1
8.4,62.88,555.09,3,0,0,1
19.3,86.0,1616.42,1,7,0,0
19.9,44.37,965.11,3,5,0,1
6.9,83.98,669.74,2,1,0,1
16.8,32.54,583.68,2,7,0,1
20.4,98.58,1775.04,4,3,1,1
16.4,53.39,1027.74,2,8,0,1
11.2,44.32,449.08,2,3,0,1
8.1,34.12,239.11,4,0,1,1
16.0,55.52,740.42,4,6,0,1
12.4,22.31,283.47,2,9,0,1
30.2,56.29,1439.53,1,4,0,0
50.5,97.49,4208.0,1,9,0,0
38.0,65.28,2283.28,2,10,1,1
20.9,40.56,775.12,2,11,0,1
11.6,75.66,910.95,2,4,0,1
37.3,73.45,3088.4,2,3,1,1
31.5,118.92,4142.94,2,5,0,0
48.1,89.77,3910.72,2,0,0,0
23.2,77.64,1619.14,2,2,0,0
60.7,92.63,6675.35,2,10,0,0
23.2,66.64,1243.3,6,11,0,0
11.5,68.11,903.12,2,6,0,0
13.4,111.47,1314.46,1,10,0,0
29.2,29.11,1003.56,3,7,0,1
12.4,94.2,1091.19,1,11,0,0
60.5,67.23,3968.78,5,8,0,1
27.5,62.71,1870.85,2,0,0,1
20.6,56.18,1197.52,1,3,0,1
21.9,73.84,1500.58,2,1,0,1
16.3,68.91,1145.47,1,1,0,1
3.7,59.63,240.2,0,0,0,0
13.4,52.43,574.39,5,4,0,1
55.6,22.37,1001.1,3,1,0,1
23.7,51.9,1208.62,1,3,0,1
41.0,57.19,1999.7,4,8,0,0
41.8,73.78,3286.55,0,10,1,0
19.4,119.08,2046.86,2,2,0,1
31.9,54.6,1695.17,0,7,0,0
4.2,44.41,162.79,4,9,0,0
52.7,52.14,2801.12,4,5,0,0
49.9,73.83,3118.71,2,9,1,0
28.7,84.72,1965.58,2,4,1,1
24.3,88.21,1759.79,3,1,0,0
19.6,90.69,2101.29,1,10,0,1
44.2,94.23,3571.01,4,2,0,0
34.5,63.03,2355.48,0,7,0,1
14.9,121.33,1494.77,2,11,0,1
7.2,61.13,370.41,0,11,0,1
5.9,72.73,430.69,0,8,0,1
43.9,102.4,4433.22,6,10,0,1
19.3,84.16,1915.9,2,10,0,1
28.3,13.98,466.62,1,6,0,1
21.2,70.14,1654.38,2,0,0,1
6.0,91.55,569.94,4,11,0,0
4.3,36.41,153.0,1,11,0,0
14.1,88.77,1177.42,5,5,0,1
15.1,79.75,1416.86,1,6,0,1
15.1,99.6,1561.96,0,11,0,1
15.4,52.7,838.34,1,5,0,1
72.0,94.9,6099.88,1,9,0,1
40.6,73.99,2458.32,0,10,0,1
23.9,114.15,3218.36,4,1,0,0
18.9,139.65,2444.2,1,8,0,0
19.4,108.46,2058.83,2,2,0,0
33.6,82.01,2333.12,4,5,0,1
18.8,128.03,2727.67,2,5,0,1
37.8,85.09,2609.9,4,7,0,1
25.9,47.3,1386.75,2,3,1,1
72.0,69.02,4254.29,4,5,0,0
17.9,89.04,1841.79,4,0,1,1
42.5,90.65,4211.48,3,8,0,1
7.8,41.87,283.8,3,11,0,0
11.8,42.66,517.07,1,8,0,1
66.7,61.47,3793.78,1,6,1,0
36.7,83.36,2668.13,3,10,0,1
28.7,86.56,2841.7,2,0,0,1
72.0,73.53,5090.04,3,2,0,1
19.1,49.14,901.44,1,11,0,1
42.5,113.42,4182.07,2,4,1,1
44.6,43.2,1836.59,2,3,0,0
57.5,102.56,6771.08,2,4,0,0
7.0,88.47,583.61,1,6,0,0
19.0,102.01,2291.01,2,8,1,1
25.5,58.89,1772.38,2,0,0,1
56.9,66.43,3241.01,1,4,0,0
27.9,71.38,1733.17,2,2,1,0
44.7,58.09,2971.05,4,2,0,0
6.4,75.63,461.34,3,10,0,0
15.7,109.48,1381.14,0,1,0,0
49.8,37.58,1701.45,4,5,0,1
17.4,53.57,970.56,2,5,0,1
20.2,50.86,1152.68,2,2,0,1
56.3,67.64,3247.79,2,0,0,0
9.5,66.61,536.43,3,6,0,0
11.6,89.31,1215.53,0,1,1,1
5.7,70.84,444.97,1,7,0,0
57.7,77.57,4640.42,1,2,0,1
40.1,79.96,3549.7,1,0,0,1
39.4,76.14,2913.67,2,9,0,1
15.4,87.58,1486.09,1,8,0,0
5.3,66.94,334.87,1,4,0,1
3.8,111.16,379.7,1,0,0,0
50.0,133.54,7292.04,3,9,0,0
30.1,87.66,2551.1,0,10,0,0
34.2,75.7,3088.49,1,5,0,1
24.7,85.61,1985.76,1,9,0,0
10.4,42.47,518.53,3,2,0,1
16.0,74.5,1394.93,4,10,0,0
8.3,51.72,383.14,1,3,1,1
7.3,82.75,677.26,2,7,0,1
37.9,51.84,1910.48,4,4,0,0
4.2,61.38,301.01,2,11,0,1
8.3,23.2,189.04,0,5,0,1
16.7,40.67,746.34,0,9,0,1
21.7,78.87,1687.14,2,3,0,0
5.6,48.28,242.41,4,5,0,1
27.6,96.59,2347.88,0,2,0,0
23.7,46.15,1060.0,0,9,0,1
49.5,81.33,4432.91,0,11,0,1
22.0,50.95,1165.7,2,0,0,1
29.7,79.64,2539.61,1,5,0,1
11.0,31.63,316.97,3,0,0,1
11.4,58.67,663.17,1,9,0,1
6.3,48.84,249.9,3,11,1,0
11.1,92.08,1148.96,2,2,1,0
15.8,81.56,1538.16,1,11,1,1
46.2,39.19,1743.93,2,7,0,0
9.6,64.92,503.9,2,6,0,1
72.0,50.69,3167.75,1,7,0,1
31.5,93.76,3134.78,3,9,0,1
27.1,101.79,2884.24,1,9,0,1
20.7,33.96,783.38,1,1,0,1
17.8,90.67,1455.66,1,9,0,0
12.5,49.42,685.42,0,6,1,1
5.4,63.68,369.69,2,3,1,0
10.0,70.81,654.88,2,0,0,1
57.7,115.42,6775.45,1,10,1,1
30.2,44.9,1163.72,2,2,0,1
57.3,90.87,5109.79,0,4,0,0
12.3,40.71,575.91,3,9,0,1
8.0,38.99,303.51,2,7,0,1
20.5,70.71,1649.1,1,1,1,0
10.3,70.54,751.8,3,1,0,0
23.8,10.0,209.06,1,7,1,1
4.3,98.99,437.7,2,8,1,1
2.3,16.52,100.0,2,9,0,1
26.4,66.35,1678.91,0,0,0,1
58.7,103.19,5136.74,6,1,0,0
27.2,125.23,3295.07,2,3,0,1
30.0,60.92,1513.16,0,11,0,1
21.2,34.18,608.28,3,2,1,0
22.7,102.26,2247.28,1,0,0,0
5.1,91.63,432.66,1,3,1,1
10.6,57.78,718.84,2,10,0,1
45.9,54.61,2382.42,2,10,0,1
15.5,52.07,889.55,1,1,0,0
45.3,61.39,2814.04,3,9,0,1
22.3,77.9,1877.07,0,4,0,1
23.1,55.85,1167.61,4,0,0,1
15.6,59.01,1082.12,0,7,0,1
33.1,86.03,2881.75,4,9,0,1
38.8,32.94,1446.83,0,1,0,1
10.1,60.6,580.61,0,10,0,0
5.7,28.1,133.46,1,2,1,1
2.9,72.71,226.2,2,2,0,1
28.9,21.51,500.17,2,3,0,1
26.6,92.25,2433.63,3,6,0,0
72.0,37.13,2345.12,3,8,1,0
21.3,25.69,574.83,3,2,0,1
18.5,60.91,1343.41,0,0,0,1
24.4,112.78,2716.48,1,10,0,0
25.4,87.78,2513.67,1,9,0,0
17.4,21.94,383.21,1,0,0,1
10.4,36.42,379.18,1,11,0,1
20.4,60.11,1440.17,1,10,0,1
19.9,125.96,2891.61,3,5,0,1
19.6,46.53,1016.93,2,4,0,1
35.5,46.73,1525.02,5,9,0,1
20.2,108.19,2220.38,1,6,1,1
5.8,74.87,385.21,2,6,0,1
12.0,96.33,1126.72,1,2,1,1
17.2,51.82,887.83,0,6,0,1
20.9,67.46,1596.2,2,8,0,1
29.4,102.89,3501.73,1,7,0,0
21.0,66.38,1347.35,1,2,0,1
2.4,98.08,186.18,2,9,0,0
6.5,79.68,593.2,2,4,0,0
30.8,44.01,1179.19,2,7,0,0
16.9,69.59,1231.42,4,1,0,1
22.4,94.53,1714.65,1,6,0,1
15.2,86.74,1266.98,1,10,1,0
11.9,68.99,982.5,3,9,0,1
15.7,22.71,299.0,3,9,0,1
22.6,25.1,549.76,2,6,0,1
20.0,30.42,562.74,2,10,0,1
38.6,57.24,2568.21,1,11,0,0
4.7,60.57,325.95,4,7,0,0
5.4,33.11,160.61,2,0,0,1
16.7,95.56,1329.83,5,7,0,0
29.6,38.41,1195.26,3,0,0,1
34.2,35.74,1142.73,3,2,0,0
12.3,72.21,951.75,1,8,0,1
0.7,94.35,100.0,4,3,0,0
12.7,121.37,1312.8,0,9,1,0
26.7,84.56,2426.58,1,8,0,0
19.8,109.5,1915.07,2,0,0,0
30.4,39.7,1378.71,0,7,0,1
44.9,123.99,4579.64,2,2,0,0
17.6,23.46,366.85,1,10,0,1
13.9,57.4,956.26,2,6,0,1
9.2,84.02,751.09,6,1,0,1
5.4,29.87,173.94,3,6,1,1
4.0,46.82,162.33,3,6,0,1
11.3,42.85,506.5,2,8,0,1
40.8,62.24,2770.81,3,1,0,0
32.4,105.54,3170.41,2,7,0,0
13.4,70.42,1064.08,1,4,0,1
72.0,58.42,4380.49,4,9,0,1
12.0,10.0,114.75,4,8,0,1
47.7,81.67,3985.76,5,7,0,0
55.3,89.75,5111.41,0,2,0,0
28.0,27.5,667.11,1,2,0,1
11.2,68.33,737.5,0,10,0,1
14.9,74.83,1042.09,1,11,0,1
23.0,94.12,2078.81,1,9,0,0
5.5,51.88,317.88,1,7,0,0
8.4,48.12,401.74,0,8,0,1
7.8,58.59,535.43,3,1,1,1
29.5,102.11,2765.45,2,2,0,0
44.6,96.1,4138.25,0,7,1,0
33.3,69.47,2581.34,1,1,0,0
39.7,95.49,3864.75,2,7,0,1
10.4,10.78,114.44,7,4,0,1
15.4,89.79,1136.17,5,5,0,1
16.4,42.03,659.75,3,9,0,1
27.9,114.18,2896.12,0,11,0,0
11.6,43.39,603.67,1,3,1,1
38.1,48.68,1712.23,2,2,0,1
54.3,84.06,5261.95,1,7,1,0
28.9,86.47,2679.34,1,8,0,1
14.9,58.84,818.87,1,7,1,0
9.6,79.29,775.41,5,8,0,1
7.8,82.38,728.98,2,0,0,1
2.4,79.83,219.69,1,4,0,1
16.8,59.89,867.58,3,11,1,1
16.0,82.63,1238.08,5,6,0,1
36.5,105.16,3586.45,1,7,0,0
12.3,39.36,394.14,3,10,0,1
17.5,49.0,892.24,1,1,1,0
24.7,70.68,1994.01,3,11,0,1
28.6,43.59,1188.2,5,10,0,0
33.7,24.91,919.74,2,3,0,0
22.9,97.33,2346.5,1,6,1,1
5.9,14.28,100.0,0,4,0,1
26.9,59.94,1378.48,1,0,0,1
11.5,88.97,1109.94,3,1,1,1
46.0,76.67,4024.3,4,4,0,1
20.3,60.32,1317.53,1,5,0,1
24.0,42.56,823.38,5,0,0,0
72.0,78.6,5016.63,2,11,1,0
34.1,45.29,1277.99,3,2,0,1
26.5,76.65,2088.77,1,5,0,1
17.9,73.52,1453.57,3,5,1,1
6.4,73.78,398.44,1,6,0,0
16.9,53.99,1038.0,5,9,1,1
9.5,120.88,1174.49,4,11,0,0
58.6,78.96,4980.69,2,2,0,1
26.8,63.03,2004.68,3,0,0,0
44.9,76.61,2864.02,1,6,0,1
12.0,50.64,702.99,2,11,0,0
10.1,60.34,520.27,1,10,0,1
31.8,129.8,3953.08,5,2,1,0
9.2,50.82,530.96,1,4,0,1
14.0,68.06,1104.41,2,3,1,1
60.5,58.6,3551.64,0,11,0,1
14.4,44.01,658.76,1,0,0,0
5.1,80.53,444.14,0,11,1,1
3.2,70.91,260.66,3,6,0,0
4.5,92.78,350.55,0,3,1,1
46.6,90.26,4730.99,4,0,0,1
12.6,92.52,1158.0,1,10,0,0
72.0,47.04,3320.33,2,5,0,1
54.7,86.02,4559.38,2,3,0,1
70.0,86.63,6082.68,2,3,0,0
40.4,44.47,2118.11,1,1,0,1
30.7,62.03,1938.36,2,0,0,0
9.8,33.6,389.48,0,2,0,1
19.9,86.74,1509.01,5,9,1,1
32.8,86.63,3100.25,4,4,1,1
38.8,105.76,4610.02,4,11,0,0
7.0,64.28,483.2,1,8,0,0
17.1,81.29,1453.47,1,6,0,0
18.7,94.69,1821.17,3,3,0,0
18.2,51.15,1063.78,1,7,0,1
8.0,47.35,425.37,3,11,1,1
64.7,51.93,2850.74,0,3,0,0
16.7,61.27,1165.31,1,5,0,0
8.5,48.24,396.59,3,11,1,0
65.7,53.0,3139.62,2,0,0,0
54.7,92.02,5778.12,3,5,1,0
22.3,67.59,1463.87,2,9,0,1
13.6,77.67,1187.8,1,4,0,0
4.1,56.23,207.26,2,1,1,0
29.1,54.59,1271.55,1,0,0,0
12.8,77.14,987.93,1,5,0,1
19.6,73.15,1203.07,3,10,0,0
61.9,89.45,6103.81,6,1,0,0
12.0,102.54,1124.56,1,8,0,1
28.2,52.71,1451.84,2,8,0,1
34.4,91.53,2626.24,5,0,0,0
45.7,43.0,1796.23,2,4,0,1
18.5,121.84,2506.33,0,7,0,1
17.0,50.34,736.88,4,3,0,1
16.7,87.27,1542.44,1,2,0,0
26.2,42.82,1311.58,1,4,0,1
53.2,66.2,3773.78,0,4,0,0
16.1,108.64,1965.17,1,7,0,1
1.0,49.56,100.0,3,5,0,1
37.1,125.1,4174.05,3,1,0,1
21.1,69.87,1703.3,2,10,0,1
29.1,94.39,2983.68,0,0,1,1
4.2,80.07,358.97,2,2,0,1
12.9,81.43,1116.82,1,1,0,1
35.0,34.35,1160.91,3,3,0,1
6.2,58.18,294.15,0,2,0,1
28.1,99.9,3130.02,1,8,0,1
19.5,61.39,1279.62,3,4,0,1
10.6,73.47,773.36,4,3,0,1
9.9,31.31,359.24,0,9,1,1
8.0,56.56,424.4,2,8,0,1
21.0,98.08,1887.53,1,3,1,1
22.9,37.93,996.48,1,5,0,0
14.8,87.93,1459.44,2,9,0,0
7.6,74.44,566.48,1,0,0,1
27.6,64.1,1505.36,4,1,0,0
37.5,63.0,2094.78,3,3,0,1
31.2,57.72,1913.97,3,8,1,1
71.8,59.95,4106.89,3,5,0,1
17.3,93.24,1830.04,4,5,0,0
49.8,59.2,3475.59,1,10,0,0
11.6,115.19,1495.56,3,8,0,0
10.0,77.49,736.79,3,11,0,1
22.0,55.59,1361.88,3,3,0,1
57.2,94.33,5075.63,4,2,0,1
15.8,85.6,1173.19,1,6,0,0
4.2,28.65,100.0,1,11,0,1
37.0,44.14,1560.05,0,6,1,1
18.8,67.11,1466.85,6,8,1,1
25.0,30.41,680.72,0,5,0,1
10.5,122.26,1129.58,1,1,0,1
21.8,90.56,2345.82,3,5,1,1
5.0,69.67,280.38,1,7,0,1
65.3,61.43,4471.55,2,5,0,0
41.8,55.01,2136.68,1,8,0,0
21.1,20.9,358.88,1,3,0,1
36.3,26.68,1131.3,2,2,1,0
11.6,117.53,1166.31,2,10,0,1
40.6,109.34,4528.41,2,4,1,1
15.2,55.61,771.3,2,2,0,0
14.4,92.7,1100.86,2,10,0,0
8.6,82.66,579.67,2,11,1,1
27.3,85.61,1978.14,4,1,1,1
20.4,34.37,580.3,1,1,0,1
50.8,24.8,1391.58,1,3,0,1
7.6,99.56,756.62,2,2,0,1
27.4,20.52,526.78,2,8,0,1
44.6,66.3,2860.91,3,6,0,1
23.2,60.81,1650.3,2,5,0,1
15.0,58.5,1022.46,1,9,0,1
22.7,77.86,1922.04,3,11,0,0
48.1,53.06,2947.59,5,7,0,0
48.1,79.89,3567.9,2,8,0,1
18.2,73.53,1276.41,3,2,0,0
47.6,122.47,6091.17,1,11,0,0
19.6,35.36,729.2,4,9,0,0
36.1,70.73,2531.49,3,6,0,1
29.7,80.78,2305.63,2,8,0,0
14.5,63.59,1103.2,3,0,0,1
8.8,36.57,364.97,2,9,1,1
45.4,101.43,4485.33,1,8,0,1
54.0,78.42,4623.12,1,6,0,1
26.9,38.33,936.99,3,9,0,1
19.6,80.97,1335.01,4,3,0,0
6.7,112.54,712.75,5,10,1,0
44.6,69.09,2963.14,3,11,0,0
24.7,69.94,1394.52,2,5,1,0
16.3,109.2,1998.09,0,10,0,0
36.8,45.74,1586.82,3,10,0,0
5.6,113.19,649.03,3,5,0,1
8.2,94.32,638.59,3,5,0,1
11.2,46.89,458.19,1,1,1,1
29.1,53.29,1790.39,2,4,0,1
22.9,56.88,1359.95,3,6,0,1
31.5,24.16,899.08,1,5,0,1
42.6,76.51,3908.51,4,2,1,0
32.3,48.03,1473.27,2,10,0,0
66.2,77.41,4714.63,2,11,0,1
42.5,37.73,1834.09,2,4,0,1
18.2,93.08,2030.98,1,7,0,1
12.8,88.44,1190.76,2,10,0,1
18.6,52.35,1090.48,1,4,0,1
33.1,78.99,2911.64,5,11,0,1
14.0,72.07,949.52,3,9,1,1
33.8,107.06,3722.49,1,2,1,0
31.1,44.19,1558.74,2,8,0,1
8.7,66.19,621.1,3,10,0,1
42.0,53.98,1832.25,3,2,1,1
26.2,71.12,1744.75,5,1,0,1
64.1,83.33,4584.16,1,5,0,0
19.7,53.7,945.01,0,7,1,1
15.7,60.9,1108.42,0,5,0,1
7.7,94.15,591.79,4,0,0,0
7.6,103.93,701.3,0,7,0,0
38.6,82.34,2938.42,1,0,0,0
59.9,66.55,4174.78,1,8,0,0
18.4,64.17,1198.52,2,7,0,1
17.5,83.7,1299.51,1,5,0,0
21.1,75.69,1382.97,3,1,1,1
43.9,28.78,1131.27,4,8,0,1
8.8,84.31,742.58,2,7,0,1
23.9,48.49,1053.83,3,3,0,1
39.2,34.58,1599.34,2,1,0,1
28.8,28.29,803.31,2,5,0,1
0.6,64.6,100.0,2,0,0,1
32.4,44.59,1579.38,2,6,0,1
29.0,11.84,320.0,4,0,0,1
49.7,61.04,3221.21,1,5,0,1
56.8,57.74,2991.21,1,4,0,1
48.1,66.25,3274.83,1,11,0,0
21.2,54.28,1275.44,5,9,0,1
4.0,115.73,546.57,4,2,1,0
17.4,82.93,1304.94,1,5,1,1
20.7,57.51,1110.91,2,3,0,1
59.4,68.41,4007.39,4,11,1,0
10.6,105.37,1303.01,0,5,0,1
5.7,93.92,624.35,3,3,1,1
14.1,35.09,412.46,3,0,0,1
11.1,45.64,431.13,3,4,0,0
5.2,50.45,260.22,4,7,0,1
18.7,59.01,931.8,2,5,0,0
21.3,55.11,1101.66,2,9,0,1
4.9,70.85,295.39,1,8,0,0
15.6,88.39,1452.29,3,3,0,1
10.5,92.57,1142.78,3,9,0,1
21.8,61.83,1618.34,2,8,0,0
23.5,29.13,650.12,2,7,0,1
10.5,43.99,478.63,2,2,1,1
41.7,57.01,2717.81,5,5,0,1
20.3,38.87,669.45,3,3,1,1
10.9,98.52,1156.41,2,0,1,0
4.5,40.51,176.47,3,8,0,1
24.4,85.43,1841.69,4,3,0,0
29.0,27.95,778.07,3,10,0,1
13.4,86.43,962.51,1,4,1,1
22.4,66.52,1603.7,0,2,0,1
56.8,107.81,5519.7,7,3,0,1
37.4,41.71,1440.74,2,8,0,1
1.8,55.9,100.0,4,6,1,0
10.8,60.74,751.64,0,7,0,1
18.0,66.19,1190.54,1,2,1,0
21.2,61.35,1339.07,2,2,0,1
22.7,61.83,1444.39,1,6,0,0
27.7,61.42,1637.99,0,7,0,1
18.5,18.22,295.8,1,4,1,1
20.3,94.83,2113.2,1,0,0,1
38.7,141.53,4659.83,0,2,1,0
24.8,77.46,1615.64,2,4,0,0
7.0,41.61,315.67,3,2,0,0
21.7,44.14,847.36,2,0,0,1
18.1,85.33,1423.05,8,6,0,1
2.7,79.64,214.28,1,0,0,1
22.6,62.89,1391.35,1,9,1,1
7.9,88.84,763.25,5,5,1,0
39.1,18.4,754.92,2,5,0,0
27.4,88.85,2572.79,1,6,0,0
6.6,75.94,545.95,2,11,0,1
37.9,45.1,1566.97,2,10,1,1
50.3,34.17,1595.11,3,0,0,1
16.4,73.03,1165.97,3,10,1,1
18.0,105.18,1746.54,1,2,0,0
35.4,64.3,2715.67,1,11,0,1
47.8,48.68,2618.05,4,8,1,1
3.7,74.78,240.77,3,1,0,1
7.4,115.52,686.97,2,4,0,0
14.3,80.78,943.06,3,2,1,1
15.6,83.49,1168.85,3,11,0,0
34.7,100.57,2949.07,1,11,0,0
47.9,81.81,3974.57,3,4,0,1
50.3,50.48,2905.36,0,6,0,1
3.6,26.39,104.38,1,0,0,1
9.9,46.96,413.38,3,2,0,1
12.2,42.38,494.36,0,10,0,1
9.9,86.48,858.61,2,5,0,1
27.3,89.96,2762.13,3,6,0,0
29.7,74.39,2510.14,4,9,0,1
20.1,38.28,895.58,1,2,0,1
18.7,114.66,2147.8,3,3,0,0
14.8,59.59,950.41,0,5,0,1
16.3,85.09,1168.16,1,4,0,0
56.4,71.23,4122.13,1,10,1,1
32.9,75.22,2222.94,3,8,0,1
15.3,84.2,1249.98,2,11,0,1
18.4,52.6,1018.8,0,0,0,1
27.8,102.64,2573.0,2,4,0,0
6.6,30.51,165.8,2,10,0,1
22.3,44.04,789.52,4,0,1,1
31.6,102.31,2615.28,3,7,0,0
28.8,84.75,1961.18,5,6,0,1
10.1,133.51,1139.39,2,4,0,1
11.8,71.71,760.64,4,5,0,1
2.3,112.51,233.7,3,3,0,1
34.0,23.56,956.24,5,8,0,0
72.0,34.66,2302.01,0,2,0,0
8.9,92.39,697.39,1,1,0,1
42.4,26.49,1142.71,2,6,0,0
68.3,65.07,5077.67,2,1,0,1
13.6,99.18,1447.35,1,5,0,1
18.4,82.53,1394.91,3,10,1,1
24.2,70.28,1742.2,6,7,0,0
28.2,58.77,1796.99,5,2,1,1
25.2,75.06,2060.86,0,2,0,1
14.5,84.43,1308.1,2,2,0,0
31.3,53.48,1919.51,0,0,0,1
14.8,79.29,1347.56,3,8,1,1
26.4,96.96,2643.52,1,4,0,0
19.6,64.44,1224.42,4,8,0,1
3.2,71.7,241.54,2,4,0,1
46.6,82.09,4313.58,3,6,0,0
12.1,83.78,814.56,0,0,0,0
49.7,91.96,5474.66,2,8,0,1
41.2,44.64,1606.95,2,0,0,1
23.7,56.78,1327.44,1,3,0,0
29.2,57.7,1936.21,4,6,0,1
31.8,47.4,1339.63,1,10,0,1
17.1,25.04,424.1,1,11,0,1
17.7,10.0,151.39,1,8,0,1
30.7,99.89,2935.57,3,0,0,0
19.7,31.15,534.76,2,11,0,1
14.6,109.16,1503.19,0,10,0,0
10.3,88.49,861.66,6,5,0,1
27.0,59.86,1934.41,2,10,0,0
11.8,85.41,1205.0,1,9,0,0
36.6,80.63,2493.28,1,10,0,1
38.7,42.46,1791.43,4,4,0,1
29.0,69.63,1659.86,4,2,0,1
33.5,45.5,1236.71,2,9,0,1
29.1,86.35,2116.88,5,1,1,1
35.1,52.12,2172.43,1,0,0,0
34.1,67.58,2711.75,0,1,0,1
26.0,66.51,1514.73,4,11,0,1
41.6,73.04,2626.08,7,3,0,1
17.6,111.56,1757.6,3,5,1,1
10.5,63.98,678.32,2,11,1,1
10.1,100.45,1039.13,1,4,0,1
15.6,82.0,1136.63,2,3,1,1
2.7,105.46,310.45,1,7,0,0
23.5,61.54,1335.41,1,11,0,1
32.1,87.4,3274.29,3,6,1,0
38.3,68.52,2790.56,3,3,0,0
4.0,10.0,100.0,6,9,1,1
10.4,42.75,494.21,3,4,0,1
35.8,84.56,3412.07,1,11,0,0
17.1,82.91,1302.31,4,9,1,0
31.5,37.63,1110.88,3,4,0,1
6.3,75.51,557.72,2,2,0,1
49.4,82.58,3529.02,7,8,0,0
5.8,69.13,327.77,1,10,0,0
23.0,88.22,1990.53,0,4,1,0
23.4,84.81,2226.33,1,11,0,1
13.3,69.12,1019.94,2,9,0,1
28.3,57.23,1893.02,5,1,0,0
28.9,96.06,2812.83,1,3,1,1
26.7,81.58,1830.81,2,11,0,1
13.1,35.46,481.28,1,3,0,1
11.1,75.52,927.67,2,4,0,0
14.3,41.22,493.82,1,7,1,1
9.8,45.89,389.73,0,4,1,1
42.9,53.7,1853.47,1,0,0,1
15.3,71.12,1131.75,4,1,0,0
22.5,79.36,2062.04,0,2,0,0
35.7,59.78,2279.63,2,2,0,1
9.3,60.87,678.85,3,9,1,0
5.6,57.42,263.26,1,5,0,1
9.8,96.19,1094.99,2,8,0,1
24.3,10.0,274.09,3,9,0,0
23.2,62.28,1334.8,4,0,1,1
26.7,108.62,3446.96,3,5,0,0
18.4,82.93,1399.76,5,8,0,1
1.0,101.67,119.33,1,3,0,0
18.0,19.14,396.87,2,9,1,0
39.0,38.94,1675.06,2,2,0,0
45.9,82.85,3900.47,2,5,0,1
21.4,108.77,1974.27,3,5,0,1
23.2,41.47,975.02,2,1,0,1
31.1,60.31,1770.16,2,4,0,1
45.0,80.04,4026.97,5,0,0,1
20.0,33.69,743.62,2,8,0,1
30.8,83.04,2981.12,2,8,0,1
12.6,10.0,101.76,3,2,1,1
6.4,82.31,594.03,1,4,1,1
13.8,45.12,730.21,3,2,0,1
52.0,58.81,3411.69,1,6,0,1
31.3,86.3,2299.39,2,0,0,1
7.0,81.18,475.56,2,4,0,1
32.3,69.8,1821.82,2,5,0,0
7.6,94.23,749.67,2,10,0,1
26.4,27.5,764.01,5,11,0,1
9.0,75.11,810.13,3,6,0,0
6.7,50.25,320.66,0,2,0,0
57.8,92.95,5008.51,1,6,0,0
15.3,87.18,1402.82,1,3,0,1
30.9,88.08,3073.84,0,9,0,1
20.6,111.13,2694.65,2,10,0,0
8.1,98.16,896.46,4,5,0,0
16.7,66.06,1068.57,3,4,0,1
8.2,69.97,605.59,0,3,0,1
72.0,85.02,6994.15,1,5,0,0
34.8,73.4,2543.69,3,11,0,1
20.4,87.63,1581.17,3,2,0,0
29.7,14.24,367.47,2,2,0,0
33.3,117.02,3113.52,1,4,1,1
33.3,71.53,2591.03,1,10,0,0
32.3,29.44,803.93,0,4,0,0
30.6,47.16,1296.82,3,8,0,0
21.6,16.77,333.19,2,3,0,0
54.9,42.74,2402.22,2,4,0,1
22.7,66.44,1444.33,3,11,0,1
20.8,107.87,2400.27,1,8,0,1
22.8,80.27,1505.28,1,3,0,0
24.0,75.82,1547.43,3,2,0,0
4.0,41.62,168.02,3,6,0,0
9.7,49.39,448.51,3,6,1,1
18.4,51.33,869.29,1,7,0,0
3.8,52.35,165.19,0,3,0,0
20.3,61.21,1441.08,3,3,0,1
23.8,63.1,1616.4,2,8,0,0
6.1,61.52,320.62,2,9,0,1
11.9,53.22,522.68,3,6,0,1
47.2,73.38,4116.89,2,2,1,0
29.9,62.14,1995.52,6,8,0,1
28.8,30.11,837.22,1,4,0,1
43.4,70.86,3321.4,3,3,0,1
9.9,67.08,731.06,3,0,0,1
6.2,30.51,208.95,1,8,0,1
39.5,55.22,2163.23,1,5,0,1
18.8,84.93,1555.67,1,10,0,0
9.7,41.59,322.88,1,1,1,1
4.0,38.95,182.46,3,6,0,1
23.0,61.88,1482.05,2,2,0,0
17.2,85.57,1296.95,2,5,0,0
15.0,115.26,2013.37,0,7,0,1
1.6,86.47,159.1,1,2,0,1
54.4,97.12,6317.51,5,11,0,0
5.1,78.67,457.32,0,11,0,1
16.1,52.87,1023.71,2,4,1,1
14.1,86.29,1089.37,5,5,0,0
30.6,67.86,2358.75,1,0,0,1
4.1,79.43,363.49,1,9,0,0
28.0,46.35,1160.11,2,6,0,1
23.1,81.66,1582.36,1,3,0,1
11.4,66.99,909.91,0,9,0,1
27.3,75.78,1903.51,3,10,0,0
20.3,67.87,1582.09,0,6,0,1
63.0,63.07,3185.18,1,6,0,0
17.2,82.12,1140.88,2,10,0,1
8.5,59.85,504.17,2,4,0,1
28.2,30.28,766.01,0,7,0,1
15.5,23.15,386.87,3,7,0,1
20.0,74.61,1530.5,2,4,0,1
6.2,58.82,303.53,0,4,0,0
30.9,26.77,715.7,3,6,0,1
13.6,72.66,941.62,3,5,0,1
24.4,67.65,1443.63,2,3,0,1
72.0,57.51,4624.7,4,1,0,0
16.4,76.17,1208.14,1,7,0,1
33.9,102.88,2919.18,2,2,0,1
17.3,102.11,1757.73,3,1,1,0
11.5,73.59,709.81,2,11,0,1
48.2,67.88,2789.01,4,9,0,1
2.8,73.94,184.21,1,6,0,1
40.0,77.73,3557.96,1,9,1,1
2.4,63.29,175.63,5,5,0,0
37.3,74.36,3132.37,3,7,0,1
20.2,30.66,578.84,2,5,1,1
8.6,72.03,560.67,5,6,0,0
14.3,81.92,1197.31,4,1,0,1
32.6,57.75,2051.61,4,9,1,1
68.9,67.61,5578.08,5,1,0,1
4.2,42.21,152.48,3,5,0,1
9.1,38.74,287.64,3,8,0,0
5.7,75.27,459.09,1,2,0,1
17.2,51.76,1009.24,5,10,0,1
37.9,25.58,1105.09,8,9,0,1
4.9,42.21,221.12,0,7,0,1
19.8,45.84,1073.2,2,4,0,1
37.1,89.36,3332.35,0,5,1,0
14.2,74.48,1229.53,0,5,0,1
23.2,48.21,1330.23,2,10,0,1
45.9,55.31,2891.24,0,11,0,1
7.6,102.8,719.27,2,9,0,0
3.2,93.4,259.52,2,10,0,0
25.4,42.05,1087.39,3,2,0,0
25.9,99.09,2516.61,1,10,0,0
13.4,67.98,1045.64,1,10,0,1
11.3,89.99,850.58,0,4,0,1
20.5,65.92,1222.37,4,11,0,0
7.4,99.65,816.3,1,0,0,1
7.5,41.01,256.16,1,1,0,1
32.5,63.61,1917.98,2,9,0,1
7.0,100.41,667.31,0,2,0,1
3.4,10.18,100.0,2,3,0,1
11.2,68.85,667.59,2,8,0,1
13.6,60.16,938.53,2,0,0,1
28.0,87.12,2392.02,0,2,0,1
12.1,96.75,1365.7,4,2,1,1
51.1,88.26,4453.59,5,5,0,1
21.4,76.03,1477.15,2,4,0,1
9.9,71.01,602.91,1,2,0,0
27.2,61.43,1339.63,1,3,1,1
50.5,75.25,3850.44,2,10,0,0
31.9,106.49,2860.02,1,6,1,1
4.6,49.24,215.85,2,2,1,0
14.6,59.95,907.85,3,8,1,1
24.1,68.11,1496.2,2,7,1,1
30.9,95.02,2558.8,2,1,0,1
17.3,75.58,1450.77,1,4,1,1
15.4,94.59,1720.56,5,3,0,1
62.7,95.85,5048.96,0,11,1,0
32.2,84.8,2353.82,3,4,0,1
27.3,43.4,1401.19,0,2,0,1
12.5,111.53,1139.77,2,9,0,1
7.3,105.31,920.58,3,10,0,0
27.6,71.59,1584.95,2,0,0,1
34.7,35.46,1412.45,2,7,0,0
19.9,30.99,569.51,2,8,1,1
32.3,76.36,2894.73,3,7,0,1
32.8,52.46,1595.85,2,3,0,1
36.2,27.07,1041.83,0,11,0,1
4.5,30.52,114.18,1,1,0,1
15.0,58.25,781.77,4,3,0,0
28.8,74.87,2392.59,2,8,1,1
20.8,105.14,2210.05,2,9,0,0
32.9,82.11,3163.42,1,8,0,0
27.3,60.46,1601.08,1,4,0,0
1.8,79.5,159.76,2,4,1,1
42.3,77.26,3199.02,1,9,0,1
13.5,88.49,1419.51,1,2,0,1
9.4,69.0,767.13,3,5,0,0
41.3,95.9,3692.34,3,6,0,1
31.2,90.61,3259.54,1,11,1,0
45.3,72.07,3715.59,3,9,0,0
24.3,67.02,1441.67,3,11,0,1
14.8,92.99,1445.45,2,8,0,1
22.3,52.16,964.61,1,6,0,1
7.9,32.33,290.43,3,2,0,1
5.5,32.19,154.33,2,11,0,1
11.7,50.09,487.51,2,6,0,1
54.4,86.49,4518.31,2,0,1,1
12.8,59.43,783.79,3,1,0,1
3.5,75.11,299.92,1,3,0,1
17.7,57.62,1211.97,3,6,0,1
12.7,57.82,713.77,1,8,0,1
42.8,44.36,1564.37,5,4,0,1
51.9,67.7,3862.33,2,7,0,1
14.3,65.62,959.75,1,6,0,1
24.3,80.32,1911.75,2,4,1,0
25.8,77.19,1840.53,2,2,0,0
19.3,65.07,1254.2,1,2,0,1
16.6,32.35,503.5,0,5,1,1
8.8,96.76,941.94,2,9,0,1
2.9,67.87,197.96,3,10,0,0
8.8,71.99,727.33,1,3,0,1
18.7,110.01,2096.98,2,2,0,1
4.9,92.71,406.64,4,3,1,1
23.4,81.16,2164.58,2,2,0,0
21.1,69.94,1509.1,2,11,0,1
12.7,69.71,779.65,2,9,0,0
16.1,76.0,1282.49,2,10,0,1
5.9,80.17,443.6,3,10,0,1
35.8,112.79,4594.54,2,11,0,0
35.4,131.83,4578.04,1,5,0,1
7.0,77.26,586.75,2,6,0,0
7.2,16.17,100.0,2,3,0,1
8.9,46.21,393.58,1,2,0,1
29.8,115.29,4102.08,2,2,0,0
25.8,87.97,2545.01,0,10,0,1
41.0,80.65,2857.46,4,2,0,0
44.1,65.83,2647.5,3,8,0,1
4.4,40.27,165.96,2,10,0,1
29.1,111.94,3450.14,5,10,1,0
43.0,49.42,2341.56,4,11,0,1
15.3,88.23,1480.64,2,2,0,1
19.6,37.48,738.96,1,2,0,1
17.4,64.62,1265.47,0,7,0,1
18.0,94.82,1666.79,0,3,0,1
35.7,63.76,1934.82,2,6,1,0
61.2,60.79,3815.69,0,2,0,1
49.9,70.27,4144.17,4,7,0,0
13.2,36.6,538.76,1,2,0,1
24.4,31.9,801.65,2,4,0,1
10.1,87.86,944.04,3,0,1,1
11.1,59.44,773.21,2,11,0,1
19.0,87.66,1615.9,5,4,1,0
10.8,97.95,989.71,1,5,1,1
12.3,99.97,1463.41,0,6,0,1
23.9,29.47,808.3,3,1,0,1
28.8,52.55,1405.59,2,1,0,1
28.2,83.44,2322.16,3,8,1,1
28.4,83.83,2302.99,2,9,0,0
6.3,126.24,683.74,0,0,0,0
10.4,47.31,579.47,2,1,0,1
20.6,99.2,1964.77,1,1,0,0
41.7,79.31,3799.3,3,9,1,1
72.0,28.99,1828.18,3,6,0,1
25.1,56.3,1439.48,1,5,0,1
33.4,76.56,2069.68,0,8,0,0
5.6,27.39,169.72,3,10,0,0
32.8,18.15,614.1,1,6,0,1
69.5,25.97,1894.74,6,2,0,0
10.3,76.48,647.67,2,2,0,1
12.6,57.88,646.94,1,0,0,1
36.5,54.5,1650.17,2,7,0,1
20.4,55.36,1033.77,2,0,0,1
2.6,34.4,100.0,0,10,1,1
13.3,58.59,799.39,3,1,1,1
51.7,24.49,1323.87,1,10,0,1
16.0,99.69,1624.66,2,11,0,0
16.0,112.31,1630.88,2,6,1,0
34.9,11.85,371.39,3,0,0,1
25.7,58.27,1282.37,1,11,1,0
15.3,59.9,1044.02,1,3,1,1
11.9,65.64,819.93,2,8,0,1
72.0,95.04,5984.7,1,7,0,0
46.1,58.34,2344.61,3,10,0,1
28.4,67.79,2215.15,1,7,0,1
29.7,144.48,4712.74,4,11,1,0
18.1,67.22,1295.55,0,2,1,1
25.5,114.16,2804.91,2,4,0,1
16.6,82.55,1243.37,5,3,0,0
9.5,56.16,635.62,3,10,0,0
26.3,51.98,1526.77,3,11,0,1
15.5,69.82,998.01,2,7,0,1
27.2,41.84,1298.09,4,10,1,1
31.0,48.4,1653.31,3,6,0,0
28.3,59.42,1543.62,0,6,0,1
8.8,77.33,661.11,1,9,0,1
14.2,115.65,1436.53,6,9,0,1
15.8,57.88,770.61,4,6,0,0
39.2,81.54,3485.18,5,0,0,1
37.9,29.3,1006.48,3,6,0,1
10.9,96.51,1186.41,3,3,0,1
6.2,26.96,198.74,0,11,0,0
72.0,89.96,5380.19,2,2,0,0
27.5,67.98,1848.2,2,11,1,1
5.3,66.98,401.61,3,4,1,1
12.5,62.49,868.97,1,1,0,1
40.4,37.47,1669.63,5,7,0,1
72.0,38.79,2624.4,7,11,1,1
65.2,90.91,5821.83,3,11,0,1
26.7,70.3,1945.6,2,8,0,1
20.1,62.31,1486.36,4,4,0,1
8.0,81.08,607.4,1,2,0,1
21.4,72.53,1811.28,0,9,0,1
9.1,50.18,413.97,2,6,0,1
14.3,131.52,2251.97,2,0,0,0
36.5,88.52,3447.64,0,9,1,1
16.6,73.18,1195.63,2,2,1,1
15.7,57.16,938.55,0,8,0,0
19.2,93.82,1640.18,1,1,0,0
72.0,50.31,3295.17,0,10,0,1
7.2,48.21,295.31,2,8,0,0
24.7,112.33,2343.45,1,10,0,1
61.5,70.77,4086.17,1,0,0,1
19.2,50.92,1079.72,0,3,0,1
45.6,70.14,3334.76,0,11,0,0
5.7,91.25,440.04,1,9,0,0
17.0,85.53,1660.59,0,5,1,1
10.0,94.36,980.82,7,6,0,0
19.0,38.76,873.69,1,2,1,1
19.3,93.73,1936.5,4,8,1,1
20.9,65.52,1192.22,2,3,0,1
36.2,72.23,2589.61,4,4,0,0
1.5,100.24,157.19,2,7,0,1
12.0,87.57,852.29,2,11,0,1
23.5,78.78,1489.18,2,2,0,1
2.7,20.4,100.0,4,7,0,1
31.2,68.86,1936.24,1,10,0,1
11.8,50.38,577.92,2,0,0,1
17.3,87.78,1508.75,3,7,0,1
37.4,94.77,3028.48,5,10,0,0
47.0,62.45,3136.34,1,10,0,1
31.9,53.32,1765.7,2,11,0,0
7.0,108.91,704.22,0,9,0,1
30.8,54.92,1361.82,3,7,1,1
32.2,40.14,1075.51,3,5,0,1
28.0,49.18,1315.28,0,4,0,0
52.1,56.13,2519.07,1,8,0,1
21.3,48.47,982.7,0,5,0,1
50.8,91.13,4864.56,0,0,0,0
50.6,15.05,775.57,1,11,0,1
32.9,47.94,1406.53,3,5,1,1
25.0,68.81,1609.96,2,0,0,0
28.1,75.26,2208.64,5,5,0,1
59.6,112.3,7657.13,2,2,0,0
41.6,108.63,4978.75,2,5,0,0
7.9,29.98,241.6,2,5,0,0
26.8,22.3,565.11,1,0,0,1
9.5,70.62,636.9,2,8,1,1
11.5,53.17,704.46,1,7,0,1
14.8,40.2,485.03,0,1,0,0
5.2,70.4,435.16,4,1,0,1
9.0,75.77,724.78,1,4,0,1
54.0,49.03,2837.99,3,9,1,0
11.4,54.4,507.39,1,1,0,0
36.4,50.95,1931.44,2,10,0,1
22.8,59.71,1352.09,2,0,1,1
29.9,83.54,2100.6,1,1,0,1
30.8,43.05,1206.35,2,4,0,1
8.6,53.98,537.49,0,10,0,1
36.2,60.02,2217.78,2,9,0,0
6.3,69.83,427.24,1,6,0,1
11.0,76.9,703.3,1,4,0,0
30.4,121.06,4000.52,0,0,1,0
8.1,84.3,737.45,3,6,0,0
2.4,84.9,213.06,1,5,1,1
25.9,63.33,1648.41,2,6,0,1
4.2,45.5,187.54,1,1,0,1
32.5,56.79,1913.16,5,4,0,1
15.7,52.24,731.62,1,7,1,1
25.7,79.81,2408.58,4,11,0,1
25.3,28.72,752.63,1,6,0,1
34.2,84.81,2678.75,0,5,0,0
31.1,67.07,2041.75,3,5,1,0
8.0,88.33,795.3,3,11,1,1
16.5,51.9,738.32,2,0,0,0
25.6,47.47,1115.77,3,0,0,0
51.4,59.83,3294.94,2,6,0,1
31.3,59.23,1715.42,2,2,1,1
48.5,90.16,4880.28,1,5,0,0
26.6,89.92,2039.14,2,11,0,1
42.1,117.63,5473.59,3,4,1,0
24.1,57.61,1149.51,1,2,0,1
41.0,10.0,329.68,2,5,0,1
15.0,59.76,1041.69,2,2,0,1
55.3,75.77,4327.22,2,7,0,0
28.8,87.86,2379.35,2,6,0,0
5.2,77.59,361.08,1,8,0,0
26.3,57.59,1582.71,2,4,0,1
31.3,112.85,3549.54,0,11,0,1
37.1,44.16,1959.68,3,0,0,1
68.1,63.13,5131.77,3,10,1,0
13.1,43.0,595.73,1,9,0,1
68.4,70.49,4712.24,3,10,0,0
20.1,109.73,2192.99,6,7,0,0
10.6,66.48,753.36,4,1,0,1
13.4,66.63,749.68,1,5,1,1
30.0,27.6,772.43,1,0,0,1
9.2,62.83,481.46,0,5,0,1
15.2,98.76,1248.63,0,3,1,1
25.8,63.74,1443.73,2,4,0,0
55.0,62.06,3394.82,1,9,0,0
36.4,97.64,3954.84,2,6,1,0
20.7,62.16,1278.14,5,5,0,1
30.0,102.3,2862.54,5,0,0,1
24.0,37.88,756.58,2,8,0,0
6.9,86.95,615.81,3,5,1,0
61.4,111.16,6199.14,2,5,0,0
55.6,95.2,5536.92,2,8,0,1
18.9,23.32,524.17,0,11,1,1
13.8,54.04,629.25,2,9,0,1
7.1,63.95,401.78,1,4,0,1
31.3,95.25,2947.43,4,10,0,1
31.4,36.71,1369.78,0,5,0,1
9.9,44.53,491.12,4,5,0,1
24.2,29.87,837.48,6,6,1,0
35.6,49.35,1639.74,3,8,0,0
13.0,38.71,603.15,2,4,0,1
17.1,109.95,1582.17,2,4,0,1
17.0,53.82,750.28,1,3,0,0
10.5,87.27,1048.74,2,9,0,0
17.4,70.45,1434.04,2,3,0,1
4.3,70.1,253.42,2,11,0,1
16.3,55.21,760.26,2,7,1,1
16.5,89.25,1196.72,3,1,0,1
19.1,73.86,1184.94,2,9,0,1
28.4,72.42,1816.67,1,7,0,1
6.6,55.16,429.35,2,1,1,1
7.8,59.26,493.9,2,0,1,1
10.3,84.72,968.53,3,9,0,0
5.9,75.75,495.52,2,8,0,1
30.7,73.09,2275.76,3,10,0,1
12.5,51.15,718.17,1,7,0,0
19.5,118.6,2403.46,3,5,1,0
9.5,58.01,511.55,3,3,0,1
14.9,69.24,1059.08,4,1,0,1
25.0,65.32,1657.43,3,7,0,0
25.9,118.87,3480.12,2,2,0,1
8.1,62.73,608.21,1,9,0,1
18.8,60.44,1094.53,5,3,0,0
9.7,72.96,779.93,0,4,0,1
18.2,52.66,806.99,0,3,0,0
11.7,72.79,944.44,3,10,0,0
63.9,129.29,7841.82,4,7,0,0
35.4,77.49,2240.96,2,8,0,0
26.7,76.58,1935.91,5,0,0,1
16.0,52.05,868.78,1,1,1,1
36.2,112.73,3455.32,0,11,1,1
19.2,118.48,2660.44,3,3,0,1
59.7,91.32,4532.15,2,0,0,0
38.7,86.35,3912.03,2,10,0,1
14.8,64.13,1030.73,1,5,0,0
55.3,79.78,4111.27,2,11,0,1
16.0,49.12,753.87,2,4,0,1
66.4,41.85,3045.31,5,6,0,0
57.2,32.82,1954.77,3,11,1,0
24.9,80.27,2139.15,0,5,1,1
4.5,35.54,152.98,4,2,0,0
23.5,57.51,1347.72,1,4,0,0
7.4,68.47,602.85,5,2,0,1
12.0,94.88,1006.92,1,8,0,1
12.8,55.54,685.28,5,1,0,1
7.3,97.83,654.89,1,5,0,0
23.6,93.48,2441.59,1,8,0,1
10.8,43.22,516.62,3,9,0,0
16.6,98.07,1496.15,1,6,0,0
12.8,62.91,672.91,1,4,1,1
28.5,57.53,1317.79,2,1,0,0
27.0,63.02,1653.37,3,1,0,1
15.6,69.91,1051.54,1,3,0,1
29.5,59.62,2101.24,4,9,0,1
45.7,49.01,2213.56,0,11,1,0
2.0,51.22,100.0,2,1,0,1
12.2,73.47,1040.18,1,11,0,1
8.7,65.99,573.17,2,7,0,1
11.3,83.18,980.37,2,9,1,1
1.5,71.31,100.0,2,6,0,1
1.9,71.93,126.99,3,6,1,1
13.2,84.82,1319.99,3,2,0,0
12.9,105.47,1409.86,3,6,0,1
50.1,106.48,5006.54,2,7,0,0
22.3,103.51,2420.95,4,4,0,0
29.0,91.76,3092.87,3,0,0,0
72.0,122.14,7998.75,6,0,0,0
60.4,80.95,4897.77,3,11,0,1
19.3,78.14,1785.07,1,10,1,0
14.1,126.1,1547.34,2,3,0,1
12.4,10.0,134.98,7,1,0,1
25.6,64.65,1727.61,2,6,0,1
14.2,101.31,1544.25,1,2,0,0
7.1,94.51,631.46,5,11,0,1
12.8,134.14,1589.2,3,3,0,1
26.1,72.69,2035.59,5,8,1,0
32.6,59.23,1711.73,2,1,0,0
64.5,61.7,3850.59,0,11,1,0
21.6,77.95,1470.88,0,7,0,1
47.5,110.54,4221.73,1,0,0,0
17.1,110.85,2256.34,2,2,0,1
19.0,68.6,1269.25,3,3,0,1
18.3,76.33,1654.71,2,5,0,1
23.5,54.71,1101.37,2,0,1,0
36.7,57.32,2177.89,3,7,0,1
13.7,96.16,1163.19,1,1,0,0
9.1,110.06,1123.22,7,4,1,1
38.7,52.57,2268.17,2,5,0,0
36.9,76.07,2370.4,6,7,1,0
52.6,63.92,3915.74,1,2,0,0
12.0,91.6,967.03,0,11,0,1
16.7,60.29,1049.17,1,8,0,1
39.8,21.84,1036.77,6,11,0,0
13.6,95.09,1492.01,2,4,0,1
31.7,62.41,2336.39,2,7,0,0
17.2,65.01,1047.32,1,3,0,1
25.5,80.89,1733.99,1,11,1,1
7.0,78.82,480.78,1,8,0,0
21.3,81.4,1738.24,1,7,0,1
45.1,29.26,1474.39,2,4,1,1
34.6,83.91,2498.58,2,2,1,1
8.6,22.27,203.96,2,0,0,0
61.1,89.24,5069.38,0,4,1,0
43.3,97.96,3968.16,1,4,0,1
7.3,35.79,277.81,4,3,0,1
12.9,78.21,993.55,5,9,0,0
7.7,96.43,834.22,2,9,0,0
26.0,58.77,1316.46,4,7,0,1
12.4,86.84,1201.86,0,2,0,1
2.6,10.0,100.0,3,11,0,1
19.0,97.45,1621.23,6,9,1,0
37.7,70.75,2833.99,0,8,0,1
21.7,63.55,1573.72,6,2,1,1
29.7,94.6,2527.97,2,3,0,1
23.3,113.23,2451.5,3,5,1,0
33.6,82.14,2803.42,3,8,0,0
24.8,110.22,2419.47,0,9,1,1
18.2,31.17,636.41,1,1,0,0
21.5,86.65,2065.09,1,1,0,1
53.9,66.7,3084.47,1,1,0,0
30.9,50.29,1529.3,2,4,0,1
8.6,21.78,207.46,6,5,0,1
21.2,85.29,1692.54,2,2,0,1
25.6,91.88,2480.96,3,2,0,1
17.7,103.55,1502.23,2,1,0,0
2.6,99.41,271.03,7,10,0,0
9.4,50.71,410.98,3,5,0,1
14.3,102.27,1650.29,1,0,0,1
65.8,104.91,6505.15,2,8,0,0
28.5,63.5,1652.44,2,10,0,1
4.3,70.71,347.97,2,9,0,1
18.6,46.65,710.89,1,3,0,1
48.4,107.02,4962.82,1,1,1,0
12.3,32.21,374.09,1,11,0,0
40.8,83.37,3107.7,1,5,1,1
4.5,55.08,287.95,2,4,0,1
0.4,42.3,100.0,2,2,0,1
45.0,23.13,858.45,2,2,0,1
13.6,64.61,957.64,0,4,1,1
14.6,38.39,565.17,2,3,0,0
23.1,71.41,1913.88,5,4,0,1
27.8,114.23,2937.83,2,1,0,1
0.9,74.99,100.0,2,10,0,0
11.4,119.93,1372.13,2,0,0,0
20.9,45.44,947.05,2,4,0,0
27.8,37.98,1035.43,2,10,0,1
8.5,44.32,331.83,4,0,1,1
17.0,68.37,1278.73,4,2,1,0
12.2,138.07,1654.43,3,7,0,0
23.7,28.45,797.13,2,10,0,1
43.9,85.49,3391.38,1,7,0,0
15.2,52.5,858.03,1,8,0,1
5.4,64.4,408.16,2,0,0,1
10.9,38.55,447.65,3,3,0,0
60.7,91.98,6413.85,2,5,1,0
9.4,68.9,736.15,2,6,1,0
6.6,97.19,601.77,2,4,0,1
14.5,74.38,1119.79,4,6,0,1
18.6,21.71,348.05,4,10,1,1
12.9,97.41,1271.46,4,9,1,1
4.5,19.67,100.0,4,7,0,1
25.4,23.25,648.38,1,9,0,0
23.7,47.07,1127.92,1,5,0,1
32.8,47.4,1498.05,0,10,0,0
23.3,104.9,2218.24,1,3,0,1
57.4,65.72,4527.15,2,0,1,1
34.6,101.18,2898.91,4,10,0,0
29.8,55.8,1361.55,2,4,0,1
45.0,77.94,3107.87,2,9,0,1
22.3,81.85,2164.76,4,9,0,0
17.3,87.4,1797.4,1,9,1,1
25.2,58.38,1562.08,1,3,0,1
2.4,60.55,170.48,3,4,1,1
22.3,62.55,1235.65,1,3,0,0
18.6,28.69,633.43,2,8,0,0
27.2,67.9,1584.81,1,2,0,0
40.9,60.41,2074.87,0,2,0,1
30.5,84.5,2175.44,4,9,0,0
10.9,72.28,812.86,1,6,1,1
36.4,103.41,4186.89,2,1,0,1
58.0,71.75,3938.44,0,8,0,1
41.6,55.94,2771.73,1,7,0,1
5.9,71.44,411.23,1,11,0,0
30.2,88.1,2291.94,0,5,0,0
6.9,25.67,173.72,0,8,1,1
15.9,52.12,889.51,4,10,0,0
26.7,52.65,1589.54,1,2,1,1
24.2,80.27,1907.0,0,3,0,1
41.0,83.18,3541.85,0,6,0,0
58.2,72.53,3826.38,4,0,0,0
28.6,10.0,302.86,4,0,0,0
15.0,28.7,512.52,2,0,0,1
2.6,64.03,136.79,2,11,0,1
48.2,57.46,3195.54,1,7,0,1
18.6,70.13,1340.53,1,5,0,1
19.4,58.27,1019.49,1,2,0,1
20.6,108.29,2642.73,5,9,0,1
27.7,12.65,347.83,0,6,0,1
28.3,77.57,2045.03,5,5,1,0
16.1,90.7,1276.9,1,4,0,0
18.5,87.54,1454.22,1,2,0,1
12.0,89.68,1223.46,0,3,1,0
10.9,93.28,1065.06,1,10,0,0
10.9,54.9,695.51,2,10,0,1
18.3,42.46,695.05,2,0,1,1
9.1,19.13,147.35,0,8,0,1
0.3,60.93,100.0,3,4,0,1
14.7,50.56,747.48,3,1,0,1
6.3,99.04,748.61,3,11,0,0
21.7,62.81,1472.23,1,10,0,1
12.0,44.24,490.14,1,8,0,0
27.9,40.29,1294.68,2,11,0,1
6.9,119.72,921.47,0,6,0,1
3.3,69.45,183.95,2,7,0,1
18.5,50.46,1054.16,2,2,0,1
14.2,73.1,956.77,1,6,0,0
5.7,117.42,580.34,0,10,0,1
34.6,60.26,1856.26,3,0,0,0
8.1,87.18,701.11,2,5,0,1
10.5,99.66,1011.26,1,9,0,0
39.2,22.71,815.92,1,5,0,0
29.1,54.04,1366.31,1,10,0,1
7.3,96.53,779.79,0,9,0,0
15.3,52.52,961.08,3,11,1,1
6.6,80.37,589.22,3,5,0,0
37.3,51.04,1747.65,2,2,0,1
37.3,58.86,1969.73,2,5,0,0
63.8,55.82,3161.02,1,2,0,1
72.0,85.92,5287.04,6,9,0,0
11.9,75.04,909.49,1,8,0,1
33.2,72.47,2507.32,3,6,0,0
2.7,132.69,389.48,1,3,0,0
23.0,113.49,2799.47,2,2,1,1
27.3,20.47,513.16,1,5,1,1
8.6,58.91,471.02,0,8,0,1
11.2,130.66,1575.06,2,2,0,0
37.4,55.64,1957.71,1,7,1,0
27.8,122.19,3010.43,2,5,0,1
58.5,59.34,3299.4,1,3,0,0
54.1,64.15,3153.87,3,4,0,0
3.7,91.59,286.76,1,2,0,1
12.9,67.74,991.29,2,1,1,1
7.7,82.37,727.91,3,8,0,0
34.2,109.37,3319.31,6,2,0,0
24.7,88.97,1816.88,4,5,0,1
8.3,73.54,666.07,2,4,1,1
9.5,111.84,943.84,2,9,0,0
46.3,91.92,4072.33,0,10,0,1
14.2,51.66,605.66,2,7,1,1
2.2,119.5,230.9,4,4,0,1
7.6,86.06,728.23,1,10,0,0
66.6,64.66,4832.71,2,7,0,0
40.0,19.48,688.22,1,10,0,1
6.2,35.56,205.27,3,4,0,0
23.0,112.5,2209.02,4,10,0,1
38.3,113.49,3609.45,1,9,0,0
3.7,72.13,318.37,1,5,0,0
41.3,25.74,1129.23,2,4,0,0
27.6,42.83,1203.86,3,1,0,1
10.7,29.41,346.64,1,9,1,1
30.9,28.5,999.59,3,9,0,0
25.0,120.67,3384.67,5,5,0,0
26.3,121.5,2572.83,4,6,0,1
22.4,41.98,821.9,1,2,0,1
9.2,69.78,683.27,2,2,0,0
10.9,37.88,391.33,1,11,0,1
16.5,69.62,1373.18,2,6,0,0
20.7,110.98,2451.84,1,10,0,0
32.2,96.97,3690.41,1,9,0,1
67.7,90.22,5375.48,5,3,0,0
23.8,65.15,1776.49,1,1,0,1
31.8,101.55,2996.64,3,8,0,0
37.0,86.17,3812.28,3,8,0,1
33.4,80.1,2307.65,4,5,0,1
8.9,67.11,601.13,7,1,1,1
49.2,77.96,4285.3,2,2,1,0
44.2,77.21,3317.4,4,4,0,1
22.2,56.46,1234.91,2,10,0,0
9.4,50.63,568.5,2,10,0,1
20.5,45.08,895.11,2,4,0,1
4.3,46.68,206.73,1,8,0,1
53.5,65.3,2871.04,1,9,0,0
11.8,61.18,818.43,6,2,0,1
15.9,54.48,915.37,2,1,0,1
51.0,52.63,2581.48,1,9,1,1
47.0,77.3,2931.24,1,7,0,0
25.7,104.44,2783.29,6,6,0,1
58.8,69.73,3302.61,4,11,0,1
8.6,68.09,470.78,2,8,0,1
25.7,46.63,1254.8,1,2,1,0
8.7,64.42,491.02,2,5,0,1
42.4,99.76,3704.99,0,4,0,0
41.4,95.94,4211.24,0,4,0,1
61.6,94.2,4764.61,5,9,0,1
20.0,93.4,1728.1,0,7,0,1
72.0,80.92,5009.14,0,0,0,0
8.0,80.03,663.96,4,0,0,1
19.2,76.12,1554.14,1,2,0,1
8.3,59.58,539.25,2,10,0,1
23.2,72.09,1508.46,3,1,0,0
9.0,75.39,567.61,3,1,0,0
42.4,85.83,3028.61,2,1,0,0
28.3,72.51,1991.41,5,3,0,0
7.4,122.63,1069.73,3,0,0,1
35.9,39.75,1266.74,0,9,0,0
56.1,88.86,4501.96,5,8,0,0
30.3,68.97,1754.8,2,4,0,0
5.4,70.05,396.13,3,4,0,0
17.8,49.69,946.96,1,8,0,0
33.1,95.48,3336.55,2,4,0,0
16.5,86.32,1627.18,0,10,1,0
7.9,90.84,717.46,2,7,0,0
45.7,74.23,2899.34,1,10,0,1
15.9,61.88,901.54,2,0,1,1
56.1,68.34,4086.1,3,0,1,1
13.0,80.84,1097.11,2,3,0,1
15.2,19.86,305.02,2,7,1,1
12.1,91.82,1196.23,1,2,1,0
17.5,130.65,2417.93,2,0,0,1
28.0,82.01,2643.71,2,10,0,1
8.3,62.98,543.16,4,11,0,0
6.9,65.97,507.76,1,8,0,1
3.6,87.69,283.51,3,8,0,1
3.1,63.54,210.61,1,8,0,1
5.5,91.72,584.87,2,8,0,0
12.9,65.65,808.71,2,1,0,0
22.9,112.85,2870.64,0,10,1,0
26.9,112.16,3284.61,1,10,0,1
22.1,61.75,1124.15,3,10,0,1
51.9,67.97,3646.4,3,3,0,0
63.1,69.44,3733.12,2,1,0,0
16.0,69.78,1322.69,1,6,0,1
8.5,46.31,441.14,1,10,0,0
72.0,42.82,2601.65,0,2,0,0
44.7,101.24,3840.41,1,8,1,0
42.5,97.24,4288.09,2,6,0,0
12.5,96.81,1132.7,0,7,1,1
36.5,68.27,2030.27,3,8,0,1
22.2,117.3,2651.33,2,7,0,0
18.9,69.44,1251.9,4,6,0,1
18.9,91.57,1450.73,1,8,1,0
28.9,35.28,1142.85,4,10,0,1
53.1,64.26,3976.72,2,0,1,1
72.0,66.1,5248.03,1,10,1,1
14.4,68.36,1108.8,5,3,0,1
23.2,36.86,757.7,5,3,0,1
18.5,87.6,1467.88,2,4,0,1
27.5,95.72,2328.92,2,7,0,0
16.7,51.4,952.16,3,9,0,1
11.3,41.32,548.59,3,0,0,1
14.4,50.78,793.66,2,5,0,0
12.6,82.39,1199.41,3,8,0,0
17.8,55.08,1035.36,2,9,0,0
5.9,66.65,376.49,0,7,0,1
12.8,43.16,537.62,2,1,1,1
27.3,119.48,2712.64,4,6,0,0
27.2,71.83,1587.81,0,4,0,1
24.2,98.74,2573.6,4,1,0,1
50.0,82.33,4017.53,0,10,1,0
28.1,68.95,1980.39,2,0,1,1
48.9,67.66,3387.91,0,1,0,1
72.0,51.87,3402.0,1,10,0,0
37.2,58.74,2162.62,2,9,0,1
5.9,44.8,263.23,1,5,0,1
24.9,42.08,1000.43,4,10,0,1
22.3,122.16,3068.7,2,11,0,0
56.1,76.97,4232.77,0,7,0,0
18.3,106.64,2034.89,1,2,0,1
9.9,50.15,577.44,4,4,0,1
13.5,38.71,598.05,6,10,0,1
6.2,45.56,325.3,1,1,0,1
71.6,59.45,3867.17,3,11,0,0
20.3,70.91,1171.36,2,7,0,1
6.8,66.23,406.47,0,3,0,1
59.5,50.67,2745.73,4,10,0,0
66.1,72.19,5556.92,3,9,0,0
22.8,74.38,1800.39,0,11,1,0
5.6,87.56,409.49,0,5,1,0
13.8,106.76,1254.07,2,2,0,1
16.8,60.9,882.26,3,10,0,1
20.8,100.39,2199.15,2,7,0,1
7.7,71.65,600.35,2,7,1,1
39.3,31.82,1430.09,1,2,0,0
1.9,114.58,256.13,3,11,0,1
43.7,126.81,4883.08,3,8,0,0
50.1,85.48,3955.17,1,9,1,1
14.9,72.24,965.19,1,4,0,1
19.0,63.21,1134.54,2,9,0,0
54.3,58.4,3697.53,3,8,0,1
32.2,100.27,3322.6,2,6,0,1
15.3,69.57,1169.58,2,9,0,1
16.9,111.85,1879.65,1,2,0,1
29.0,70.87,1668.91,4,5,0,0
67.5,59.69,3324.5,1,9,0,1
17.3,54.97,965.07,0,1,0,1
15.0,51.41,836.78,3,5,0,0
20.7,82.85,1520.43,0,11,0,1
20.8,37.64,852.5,2,4,0,1
25.4,49.54,1416.53,3,2,0,1
19.1,103.11,1897.03,3,6,0,1
45.5,46.14,2306.16,3,10,0,0
9.3,91.57,815.36,1,3,0,1
27.5,18.42,543.22,2,10,0,0
28.3,106.25,3325.23,2,5,1,1
10.0,38.24,459.23,0,8,0,1
27.3,48.09,1232.64,0,11,0,0
28.8,87.01,2420.31,2,5,0,1
0.9,76.76,100.0,2,3,0,0
8.5,92.37,688.99,3,9,0,1
57.3,38.04,2350.34,3,1,0,1
12.3,62.83,899.76,1,8,0,1
6.8,54.57,353.85,2,3,0,0
2.9,42.25,107.86,1,3,0,1
7.7,84.9,600.17,1,1,0,1
18.4,93.58,1694.53,0,4,0,0
6.3,61.58,354.94,3,5,0,1
32.5,108.07,3135.0,2,9,0,1
9.9,50.36,543.93,2,5,0,1
25.6,107.46,2207.36,0,2,0,1
52.0,84.06,4435.41,3,11,0,0
49.8,39.41,2193.35,2,8,1,1
25.3,119.54,2736.51,3,6,1,0
7.2,58.89,444.52,2,2,1,1
19.5,100.13,2079.07,5,3,1,1
25.9,73.64,2022.95,3,6,0,0
72.0,79.36,5590.23,0,10,0,0
2.9,92.53,251.2,3,7,0,0
19.5,91.15,2016.6,2,5,0,1
31.7,61.45,2146.16,4,3,0,0
22.0,83.29,1698.92,2,11,0,1
23.8,81.41,1631.87,4,1,1,1
10.4,75.34,650.44,4,9,0,1
38.8,64.92,2111.33,2,7,1,1
20.8,75.29,1618.78,2,0,0,1
23.8,119.19,2324.34,3,8,0,1
41.7,62.62,2440.32,2,7,0,0
15.7,100.16,1735.87,2,2,0,0
48.0,54.51,2400.6,3,9,0,1
6.1,47.97,321.89,3,3,0,1
24.8,151.91,4134.44,2,9,0,1
9.8,83.5,738.18,2,3,0,1
7.6,84.19,699.5,2,1,0,0
66.9,84.88,6245.01,4,11,1,0
6.4,105.18,646.29,4,10,0,0
21.1,80.2,1497.84,3,9,0,0
5.9,90.41,538.72,2,4,0,0
46.0,43.54,2340.49,4,11,0,1
14.5,94.6,1445.1,2,2,0,1
41.5,64.08,2313.49,2,11,0,0
30.9,86.79,2877.49,6,10,1,1
72.0,27.12,1895.92,1,0,0,1
4.7,85.75,419.65,0,1,1,1
8.4,13.95,128.07,1,10,0,0
40.0,63.1,2539.9,1,11,0,0
25.7,27.36,790.65,2,6,0,0
16.7,85.83,1558.68,0,0,0,0
71.5,71.73,5366.96,5,11,0,1
20.0,50.73,873.34,4,1,0,1
10.2,105.86,1223.43,3,9,0,1
41.9,47.58,2340.31,2,6,0,1
20.5,10.0,175.5,1,0,0,0
21.8,82.84,1795.41,2,6,0,1
32.8,25.84,764.92,3,7,0,1
33.7,48.37,1794.93,4,10,0,1
8.3,57.07,514.73,1,1,0,1
15.9,34.4,468.78,0,3,0,0
5.4,57.66,356.97,1,6,0,0
26.0,34.87,789.49,0,0,1,1
66.2,74.06,5482.31,2,5,0,0
8.6,39.28,332.63,2,4,0,0
4.4,70.75,287.02,0,10,0,1
11.7,99.05,1001.46,0,5,0,0
16.6,89.56,1286.12,0,7,1,1
33.9,67.96,2451.92,0,10,0,1
15.2,45.28,701.84,2,10,0,1
26.3,73.98,1651.43,3,0,0,1
13.2,52.61,588.93,2,2,0,1
17.3,75.03,1076.11,2,10,0,1
9.9,27.12,294.15,3,8,1,1
7.2,90.18,707.24,2,11,1,0
34.7,70.83,2026.32,3,7,0,1
14.0,125.21,1799.98,3,3,0,0
27.7,102.65,2372.09,3,10,0,0
9.7,84.15,952.24,2,9,0,0
20.1,66.9,1564.56,0,8,0,1
2.0,51.76,109.66,4,6,0,0
14.9,93.56,1634.41,1,1,0,1
10.7,64.26,773.87,2,0,0,1
44.8,99.21,5023.31,3,0,0,0
6.2,80.02,506.42,5,2,1,1
17.9,80.2,1322.56,1,9,0,1
25.7,84.86,1936.23,2,1,1,0
40.6,47.01,1775.04,2,3,0,1
36.8,44.45,1719.05,3,7,0,1
19.0,43.58,720.19,3,4,0,0
21.2,96.19,1837.99,1,4,0,0
44.7,46.36,2046.83,4,5,0,1
18.7,49.47,827.69,2,11,1,1
22.9,83.44,1978.31,3,4,0,0
45.7,63.7,3405.74,1,4,0,1
72.0,60.51,4788.68,3,6,0,0
24.4,58.34,1517.45,1,5,1,1
29.5,11.86,360.85,1,9,0,1
36.0,45.83,1643.11,1,10,0,0
45.4,99.54,3955.16,4,1,1,0
41.3,56.52,2699.95,2,0,0,1
12.4,22.49,250.51,0,0,0,1
25.6,44.8,959.69,1,3,0,0
41.5,79.0,3602.38,4,1,0,0
52.0,78.5,3552.35,1,5,1,0
17.9,62.64,1064.04,1,11,0,1
25.2,52.77,1076.92,3,11,0,1
27.3,34.95,815.96,0,8,1,1
20.6,79.2,1419.53,1,9,0,1
24.7,90.95,1844.27,1,10,1,0
72.0,102.22,7821.18,2,9,0,0
17.3,42.24,830.06,2,7,0,1
18.4,104.14,1818.79,1,3,0,0
3.8,68.58,303.08,2,11,1,0
3.1,70.66,195.67,1,1,0,1
28.7,92.34,2467.4,2,0,1,0
41.6,56.48,2019.82,2,6,0,1
36.5,15.9,607.77,4,9,0,1
9.7,87.62,824.19,1,2,0,0
35.0,78.71,2877.87,4,5,0,0
18.2,60.99,1224.11,3,4,0,0
14.8,85.56,1288.68,3,4,1,1
5.5,90.67,528.14,1,11,0,0
10.8,32.2,410.03,3,1,0,1
29.2,70.56,1895.56,2,8,1,1
25.4,13.06,313.17,2,10,0,1
22.7,66.91,1652.39,1,3,1,1
1.7,60.68,106.43,1,9,0,0
22.9,82.3,1641.87,0,0,0,1
12.2,43.17,501.73,3,1,0,1
25.5,59.46,1499.38,3,8,0,0
46.4,10.0,448.69,3,6,0,0
13.8,83.94,1011.38,1,9,1,1
21.6,67.79,1716.47,1,1,1,1
71.2,72.18,5682.34,1,6,0,1
24.6,32.66,797.93,6,3,1,1
19.7,79.95,1684.79,3,9,0,1
9.9,111.32,1272.52,1,1,1,0
35.7,65.38,1991.93,4,11,0,1
8.4,86.25,650.28,1,3,0,0
47.8,48.23,2342.68,1,4,0,0
32.2,68.08,2451.72,2,3,0,0
12.6,31.72,325.47,0,2,0,1
10.2,89.7,1088.55,2,5,0,0
10.4,74.0,754.83,0,0,0,1
3.2,39.52,119.22,1,7,0,1
28.2,49.95,1293.29,3,11,1,1
2.0,71.53,124.36,3,4,0,1
18.7,93.1,1943.54,2,7,0,1
17.8,106.99,2246.3,1,9,0,0
15.4,66.65,987.93,0,3,0,1
28.1,35.88,1190.43,2,3,0,1
12.6,75.96,1083.3,1,4,0,1
22.9,114.62,2609.29,2,4,0,0
47.7,29.43,1503.06,4,10,0,0
30.5,46.14,1371.63,1,5,0,1
14.3,85.27,1245.19,4,4,1,0
20.1,73.84,1223.16,0,4,0,1
15.4,56.37,934.37,1,7,0,0
17.6,75.5,1088.72,0,5,0,1
23.5,94.44,2497.49,1,1,0,0
5.3,67.54,402.92,1,3,0,1
4.0,65.35,236.33,5,3,0,0
9.1,84.73,717.59,1,4,0,0
29.1,63.24,1823.85,1,5,0,1
32.0,98.56,3271.83,0,10,0,1
35.4,120.67,3905.44,3,4,0,1
9.4,47.68,467.17,2,10,0,1
21.6,38.75,767.56,2,5,0,1
14.6,79.29,954.2,2,7,0,0
18.1,37.86,550.27,3,3,0,1
14.4,37.44,453.78,1,10,0,0
24.5,18.77,512.96,1,2,0,1
11.3,60.44,809.88,1,8,0,1
44.2,69.18,2968.07,3,2,0,1
44.5,57.07,2550.35,4,10,0,0
28.4,104.76,2556.09,3,7,0,1
40.7,102.9,4276.32,0,9,1,0
5.1,118.22,513.46,3,11,0,0
46.0,71.16,3415.67,3,4,0,1
26.5,99.6,3094.23,0,8,0,1
11.9,77.72,813.17,3,2,0,1
10.9,75.21,906.21,4,9,0,1
56.7,58.32,2676.71,1,9,0,1
35.8,13.42,456.18,3,7,0,1
17.8,85.93,1288.96,2,6,0,1
5.0,98.85,465.1,1,11,0,1
47.5,31.86,1317.02,5,6,1,0
7.3,69.76,482.36,1,10,1,0
14.9,94.79,1361.68,0,9,0,0
17.7,61.01,996.39,2,8,0,1
10.7,99.83,1140.38,1,11,0,1
17.1,66.49,1329.33,4,7,0,1
19.9,56.87,1086.25,1,2,0,0
16.8,101.26,1495.53,1,5,0,0
25.4,46.66,1075.1,2,10,0,0
58.1,51.88,3441.59,1,5,1,1
5.3,47.61,258.04,3,4,1,1
22.5,41.44,917.34,5,2,0,1
7.4,73.83,467.31,1,8,1,1
4.7,57.18,265.33,2,6,0,1
38.6,82.22,2894.04,3,3,0,0
24.0,26.63,752.71,3,5,0,0
4.4,41.94,213.48,3,4,0,1
17.1,71.29,1016.79,2,0,0,1
9.1,106.74,981.58,0,1,1,0
17.6,79.46,1244.17,2,0,0,0
32.8,55.27,1746.32,3,8,0,1
30.5,32.76,1148.0,2,8,0,1
14.5,53.8,789.17,0,4,0,1
39.9,68.94,2566.69,3,7,1,1
50.3,11.06,491.07,4,9,0,0
33.2,39.67,1472.92,1,3,0,1
12.6,51.56,680.0,4,0,0,1
18.1,63.56,1132.82,0,3,0,1
56.9,68.64,3464.07,3,6,0,0
15.4,54.73,787.68,3,10,0,1
30.5,82.65,2986.26,3,1,1,1
10.6,73.12,782.72,3,1,1,1
40.1,60.75,2337.44,2,5,1,0
9.6,86.09,829.96,1,8,0,1
18.7,84.05,1744.84,3,2,1,1
29.8,33.66,937.32,1,6,0,1
64.7,69.2,3902.77,3,9,1,0
23.7,92.26,2258.74,3,8,1,1
16.2,96.44,1665.58,3,10,1,1
15.2,79.27,1309.9,2,8,1,1
38.9,64.17,2875.35,3,10,0,1
28.1,80.53,2142.88,1,3,0,1
32.3,90.19,2419.29,2,1,0,0
54.2,72.9,4678.76,1,0,0,0
20.9,75.72,1544.66,4,5,0,0
26.6,63.75,1782.1,3,4,0,0
15.1,36.58,587.56,4,5,0,0
10.3,65.64,686.01,4,6,0,1
12.1,53.07,566.65,4,8,1,0
1.1,53.15,100.0,4,9,0,1
29.5,105.85,3506.42,1,9,0,0
27.4,93.79,2623.68,0,10,0,0
29.1,27.66,801.08,0,5,1,0
9.7,42.88,350.22,4,5,0,1
12.3,60.91,623.8,3,2,0,0
11.9,53.98,603.46,0,7,1,1
42.8,77.94,3081.15,1,8,0,1
23.0,38.91,1058.68,2,0,0,0
20.8,93.96,2173.41,1,5,0,0
34.4,68.9,2524.1,1,6,0,1
12.0,61.49,741.8,6,10,0,0
26.2,69.64,1579.99,1,7,0,0
70.3,59.56,4987.43,2,11,0,0
47.4,19.23,866.08,0,9,0,1
25.9,70.3,1533.39,1,10,0,0
21.4,61.98,1321.47,1,7,0,1
28.9,46.14,1533.54,2,6,1,0
51.8,97.44,5834.02,1,7,0,0
49.4,86.74,3447.01,0,10,1,0
57.7,130.97,8725.21,1,8,0,0
24.0,90.87,1981.85,3,9,0,1
2.0,53.91,100.0,1,6,0,1
67.0,47.36,3616.69,1,2,0,0
10.2,57.64,676.16,3,8,0,1
34.0,53.33,1885.3,3,0,0,0
2.0,72.72,152.34,1,7,0,0
20.4,31.53,725.34,0,5,0,1
15.4,86.18,1482.76,4,10,1,1
57.8,72.28,4828.84,2,2,1,0
26.1,83.31,2222.31,1,8,0,1
20.3,41.4,996.58,3,5,0,1
28.3,76.17,2578.92,1,6,0,1
0.5,102.48,100.0,1,10,0,0
11.7,48.49,648.99,4,1,0,1
13.3,47.8,638.1,4,0,1,1
31.5,87.8,2641.56,1,0,1,0
8.3,45.77,396.74,2,2,0,0
23.2,64.17,1226.32,4,10,0,0
18.8,106.89,2014.78,2,2,0,0
12.3,48.16,680.39,2,7,0,1
13.0,108.61,1250.52,1,6,0,0
18.7,61.61,1116.07,2,9,0,0
2.8,41.97,140.27,1,7,0,1
34.8,85.09,2873.38,3,0,1,1
10.2,72.69,697.76,4,3,0,1
16.2,70.33,1114.93,3,7,0,1
56.4,50.78,2885.98,1,9,1,1
35.2,72.51,2685.46,0,1,0,0
6.9,18.31,142.39,1,6,0,1
0.4,75.47,100.0,4,7,1,1
29.1,102.43,3362.17,1,8,1,0
16.8,25.86,439.35,2,6,0,0
23.3,59.83,1306.38,0,11,0,1
34.4,48.13,1758.68,5,8,0,1
38.2,32.22,1338.22,2,1,0,1
14.2,18.68,272.04,1,10,0,1
18.4,40.48,613.61,3,0,0,1
26.7,63.94,1483.6,4,0,1,1
28.0,98.73,2528.02,1,10,0,1
23.2,31.93,675.62,1,11,1,1
52.3,77.36,4324.97,4,3,0,0
27.8,75.49,1693.5,4,0,0,1
34.0,111.8,4191.4,1,6,1,1
24.6,84.28,1882.09,2,7,0,0
8.2,85.71,652.21,3,2,0,1
11.7,87.48,1035.89,2,0,0,0
6.7,46.89,276.6,3,2,0,1
41.2,55.68,2645.17,2,1,0,0
4.4,97.92,358.18,8,5,0,0
17.8,18.73,326.67,2,10,0,0
14.9,52.94,898.22,1,6,0,0
14.6,36.73,559.83,1,8,0,1
15.6,75.86,1087.08,0,4,0,0
58.9,59.46,3391.54,0,3,0,0
2.6,85.65,240.87,2,0,0,0
48.0,67.28,3837.72,1,10,0,0
16.7,31.35,606.64,3,5,1,1
36.5,32.5,1111.32,2,10,0,0
21.3,69.85,1781.07,1,7,0,1
7.4,50.72,298.83,1,3,0,1
51.1,56.68,2347.63,2,0,0,0
45.9,93.46,4842.91,4,4,0,0
7.9,88.98,617.97,2,9,0,1
30.7,114.94,2910.34,2,4,0,0
12.2,62.09,676.91,1,1,0,1
4.6,53.97,240.87,1,5,1,1
10.2,80.45,896.15,1,9,0,1
49.1,55.98,2884.23,1,8,0,1
37.1,56.8,1886.56,2,5,0,1
15.8,64.95,1026.16,2,7,1,1
49.2,111.32,6415.41,4,9,0,1
43.5,87.6,4293.26,3,2,0,1
10.2,90.22,856.21,4,9,0,0
57.4,110.2,7540.09,5,1,0,0
14.8,92.56,1480.67,3,3,0,1
16.5,41.71,566.83,2,11,0,1
2.7,92.18,201.45,1,8,0,0
12.0,95.36,991.35,3,8,0,0
17.9,86.3,1689.95,2,2,1,0
25.2,65.11,1430.75,0,11,1,1
7.4,83.66,619.92,4,0,0,0
10.6,69.49,618.86,3,0,0,1
58.2,45.55,3096.85,2,3,0,0
41.6,51.76,2018.15,0,3,0,1
46.9,87.59,4777.07,1,10,0,0
19.1,47.35,1068.0,6,11,0,1
25.7,49.71,1025.42,1,9,1,1
31.2,88.83,2732.0,3,5,0,1
57.6,73.34,3423.3,2,4,0,0
4.5,84.43,441.17,4,5,0,1
13.0,39.27,515.83,0,9,0,0
24.0,83.74,1669.01,2,6,1,1
21.4,53.5,964.78,3,6,0,0
10.5,44.58,446.97,1,9,1,0
29.3,57.37,1977.92,0,9,0,0
13.5,104.05,1510.65,1,8,0,0
20.2,60.89,1410.77,4,5,1,0
28.4,125.03,3360.41,2,7,0,0
14.0,18.45,211.31,1,1,0,1
35.0,31.34,1304.79,1,7,0,1
39.5,103.1,3286.33,2,8,0,0
10.9,109.39,1402.44,1,3,0,1
13.4,48.41,614.56,3,4,0,1
8.5,71.72,487.57,4,4,0,1
19.9,87.8,1875.41,2,1,0,0
25.1,64.27,1926.39,2,4,1,1
15.1,73.75,1324.87,4,8,0,1
24.6,70.27,1496.06,1,3,0,1
13.1,32.96,376.86,1,9,0,1
13.5,61.38,848.02,2,2,0,0
26.1,70.31,1935.99,1,6,0,1
14.2,72.58,1130.51,1,7,0,1
19.0,26.74,444.08,3,9,0,1
26.8,88.84,2815.99,5,5,0,1
24.4,73.24,1883.61,3,5,0,1
13.3,43.62,658.6,1,4,0,1
42.3,114.98,4938.0,2,10,0,0
30.2,61.34,1789.87,6,5,0,1
24.0,62.96,1800.71,1,8,0,0
7.4,86.04,659.29,2,1,0,1
21.8,117.1,2922.26,4,9,0,0
11.8,87.03,1211.22,3,10,0,1
28.7,90.65,2781.5,2,2,1,1
0.4,44.96,100.0,0,0,0,0
16.3,72.17,941.98,5,3,0,1
12.8,56.69,590.72,0,1,0,0
35.1,87.6,2705.49,1,5,0,1
2.8,89.92,221.02,2,0,0,0
20.7,110.83,2070.45,2,7,1,0
30.0,16.04,443.05,4,9,0,1
64.8,54.24,3315.44,3,5,0,0
13.4,102.51,1332.55,2,8,0,0
25.5,34.96,747.28,2,11,1,1
3.0,90.14,224.58,1,5,0,1
19.9,98.35,2094.81,1,9,0,0
44.4,69.29,3120.84,1,6,1,1
65.2,34.46,2195.75,6,4,0,1
27.2,66.96,1921.58,0,7,0,0
4.2,106.47,505.79,3,7,1,1
49.2,108.48,5183.51,4,9,0,1
4.2,75.2,337.09,3,8,0,1
6.7,45.57,362.19,3,11,1,1
52.0,113.46,6703.84,0,5,1,0
18.8,90.52,1652.55,0,0,0,0
12.2,47.21,608.47,2,8,0,0
32.9,78.56,2250.45,2,2,0,0
22.7,77.42,1796.36,0,8,0,1
41.7,54.08,2690.14,1,6,0,0
23.4,78.7,1858.65,0,11,1,1
23.8,97.65,2726.99,6,2,0,1
40.7,62.59,2453.85,2,8,0,0
18.6,100.21,2237.28,5,6,0,1
9.2,26.12,246.76,4,6,1,1
34.2,125.46,3507.56,1,6,0,0
15.8,71.43,1168.71,4,1,1,0
24.9,96.83,2189.46,4,10,1,0
2.3,75.47,139.78,2,3,1,1
18.0,49.41,1004.79,1,9,1,0
12.9,69.09,813.46,2,7,1,1
2.2,22.26,100.0,2,11,1,1
18.5,87.21,1474.44,2,1,0,0
19.0,74.84,1245.74,4,3,0,0
26.2,65.21,2031.27,0,9,0,1
43.9,88.82,3681.14,1,7,0,1
39.2,70.94,2892.07,1,11,0,0
13.7,85.17,1219.51,2,2,0,1
23.0,94.06,2217.28,3,11,1,1
29.0,56.27,1899.82,0,5,0,1
14.0,49.11,738.05,1,11,0,1
4.7,26.94,121.56,1,1,0,0
16.9,73.06,1417.21,0,7,0,0
45.1,81.3,3200.45,1,7,0,1
4.4,36.91,166.93,2,11,1,1
8.3,105.51,1032.97,1,0,0,1
10.1,49.44,522.5,2,2,0,1
8.4,17.41,164.54,3,1,0,0
33.0,107.37,3760.47,3,6,0,1
11.7,20.67,275.7,2,6,1,0
33.6,94.1,3726.02,2,3,0,0
20.7,88.03,1656.28,0,11,1,1
3.3,77.99,224.31,1,11,0,1
14.3,56.93,809.21,1,7,0,1
40.0,82.57,3567.85,2,2,1,1
22.5,96.21,1927.7,6,8,1,1
15.2,45.35,553.59,1,4,0,1
45.5,94.41,4024.55,1,1,0,0
7.5,93.27,833.77,3,8,0,1
12.1,77.33,1010.28,4,0,0,0
37.4,56.55,2034.03,1,10,0,1
32.5,93.39,2663.6,2,7,0,1
6.9,82.71,539.58,2,5,0,1
28.3,44.6,1093.96,1,11,0,0
11.6,60.82,593.0,1,0,0,1
2.0,90.48,214.6,0,3,1,0
15.5,72.86,1352.08,1,2,0,1
67.9,97.15,5711.37,2,6,0,0
40.5,61.46,2043.29,3,6,0,1
19.3,45.0,808.35,2,5,0,1
4.1,124.84,508.75,5,9,0,0
2.1,27.98,100.0,1,9,0,1
20.7,57.5,1098.16,1,11,0,1
26.9,76.99,1825.91,1,7,0,0
33.3,94.65,3494.17,3,6,0,1
30.6,86.16,2863.81,2,3,0,0
32.5,127.78,4376.68,0,6,0,0
24.6,67.06,1575.15,2,0,0,0
44.8,48.18,2512.8,2,2,0,1
12.9,64.51,989.36,1,1,0,1
20.5,62.0,1105.43,0,6,0,0
3.3,68.29,202.24,1,8,0,1
12.7,45.44,581.94,3,4,0,1
39.7,89.6,2975.59,1,8,0,0
31.8,79.27,2454.41,5,11,0,0
1.2,38.4,100.0,2,7,0,1
71.2,94.2,6770.81,3,0,1,0
22.5,49.71,1044.48,2,10,0,1
22.9,40.43,939.73,0,1,0,1
12.0,72.18,1024.14,1,5,1,0
14.4,26.05,330.3,1,4,0,1
22.3,84.74,2010.77,3,10,0,0
30.5,10.0,249.35,4,6,0,0
25.5,44.27,931.45,2,8,0,1
12.8,109.38,1432.44,3,3,0,0
9.0,52.83,402.15,0,7,0,1
8.5,57.21,392.12,0,3,0,1
41.8,101.84,3700.46,1,2,0,1
38.4,50.18,1979.38,2,11,0,1
28.5,89.09,2749.22,2,1,0,0
41.6,99.35,3643.59,2,7,1,0
18.1,81.96,1585.38,2,10,0,1
36.2,33.88,1070.54,0,7,1,1
29.6,54.9,1699.06,2,10,0,1
36.9,137.84,4903.98,1,11,0,1
7.7,57.74,470.43,0,2,0,0
24.3,144.66,4218.35,1,0,1,0
15.0,112.72,1992.56,1,5,0,1
1.6,82.98,103.75,0,4,0,1
46.4,77.43,4149.74,2,7,0,1
38.5,58.38,1858.99,2,5,0,1
25.9,67.78,2076.25,2,3,0,0
9.6,52.78,460.76,2,9,0,1
3.2,68.41,205.4,0,9,1,0
1.5,35.95,100.0,3,11,1,1
12.6,34.61,368.32,0,11,1,1
32.8,102.53,3671.54,2,10,0,1
15.2,29.69,530.62,0,1,0,0
28.8,92.15,2770.8,4,7,0,1
29.8,22.64,733.58,0,4,1,1
32.5,85.74,3078.32,5,11,0,1
2.5,64.81,146.59,4,7,0,0
10.4,103.03,874.25,0,4,1,0
28.4,61.7,1403.65,0,5,0,0
53.3,19.76,990.4,2,9,0,1
43.6,65.3,2553.83,3,4,0,1
25.0,73.99,1523.22,1,10,0,0
46.8,66.7,2719.54,1,2,1,1
24.8,84.38,1779.32,2,9,0,1
4.3,55.89,280.67,4,7,0,1
32.1,38.41,1056.0,1,2,0,1
44.6,45.01,2039.58,1,3,0,1
64.5,57.11,3820.99,0,5,0,0
12.3,56.89,711.53,1,1,0,1
6.9,130.15,754.21,0,6,0,1
36.3,101.38,3410.59,1,4,0,1
27.2,87.17,1944.94,2,11,0,0
25.4,81.15,1978.01,3,9,0,1
47.2,77.49,3202.8,1,4,0,1
36.2,77.63,2877.15,4,4,0,0
29.1,74.08,2319.47,3,1,0,0
13.7,71.0,983.26,2,10,1,0
34.2,17.7,588.83,1,11,0,0
6.6,60.77,383.91,3,9,0,1
24.8,63.99,1801.19,3,8,0,1
19.5,51.28,886.68,2,2,0,1
4.1,56.1,249.76,1,11,0,0
27.3,77.52,2330.03,2,6,0,0
12.3,89.19,1062.99,2,4,0,0
26.8,77.48,1906.17,4,9,0,0
8.5,88.56,746.6,1,9,0,0
36.4,89.0,2714.36,0,4,0,1
58.9,62.51,3011.19,7,3,0,0
6.6,83.13,464.68,1,9,0,0
8.5,26.34,196.34,2,5,0,1
5.5,60.39,333.46,1,6,0,1
16.9,57.45,1104.18,7,6,0,0
26.5,108.28,2563.39,1,10,0,1
32.7,78.43,3012.54,4,11,1,1
24.4,36.64,1056.81,0,7,0,0
32.0,84.86,3216.03,1,4,0,1
18.9,92.74,1993.98,3,6,1,1
12.2,67.76,781.07,5,11,0,0
8.7,87.26,631.2,3,3,0,0
17.4,10.0,178.46,1,8,1,1
8.9,10.0,100.0,1,4,0,1
25.9,40.53,1196.61,3,2,0,1
9.1,73.73,801.02,1,4,0,0
13.4,108.3,1451.23,3,8,1,0
41.7,41.84,1636.17,2,10,0,1
44.4,48.66,1889.8,0,7,0,1
43.5,72.22,2518.0,0,0,0,0
19.2,57.69,1111.06,2,4,0,1
12.6,56.27,725.96,3,5,0,0
28.8,59.46,1935.49,1,9,1,1
9.2,102.87,952.69,2,10,0,0
33.8,97.9,3865.88,1,1,0,0
11.7,70.59,865.16,1,5,0,1
16.8,111.36,2125.24,1,8,0,0
34.4,82.73,2443.57,3,3,0,1
3.0,98.85,335.77,1,2,0,0
12.1,48.49,627.59,4,8,1,0
26.3,53.66,1225.11,3,1,0,1
30.5,53.39,1425.7,4,11,0,1
27.1,67.83,2148.54,2,8,0,1
16.6,71.5,966.51,1,10,0,1
36.8,78.1,2831.01,1,9,0,1
8.5,119.33,933.72,2,10,0,1
8.1,88.03,761.66,2,10,0,1
26.1,57.13,1694.61,2,1,0,1
7.6,69.92,500.38,4,10,0,1
60.2,107.62,6289.55,1,9,0,1
12.4,89.55,1324.24,2,2,1,1
36.3,107.29,4340.27,1,6,1,0
6.4,57.93,427.11,1,1,0,1
52.0,52.21,2647.57,3,0,0,1
20.2,52.57,949.97,1,8,0,1
12.1,59.95,700.42,4,5,0,0
15.7,43.42,741.24,2,8,0,0
10.5,77.38,685.05,0,11,0,1
16.8,77.81,1184.4,5,2,0,1
6.7,103.47,571.45,3,2,1,0
12.4,25.99,314.76,2,9,0,1
35.8,46.4,1881.06,0,11,0,1
23.4,90.14,1709.96,0,2,0,0
8.3,74.59,662.19,4,1,0,0
17.2,71.12,1436.8,1,10,0,1
44.8,101.6,4069.15,1,5,0,0
13.7,44.75,660.13,1,2,0,1
7.5,51.78,462.29,4,4,0,1
29.7,48.84,1718.83,1,10,0,1
1.7,19.68,100.0,6,4,0,1
16.0,73.32,985.65,3,9,0,1
47.4,56.93,2319.53,0,2,1,0
16.8,51.68,940.43,1,2,0,1
38.3,47.16,1970.67,3,0,0,1
7.4,69.56,550.83,2,5,0,0
16.3,50.04,763.14,2,2,1,1
15.1,75.54,990.97,2,0,0,0
28.6,81.48,2403.68,1,9,0,1
21.1,62.64,1311.08,1,8,1,1
51.7,60.94,3438.06,2,10,1,1
13.1,74.64,952.35,1,0,1,0
20.9,69.28,1353.04,2,4,0,0
15.6,103.25,1475.45,2,4,1,1
19.7,77.96,1361.52,2,1,0,0
18.4,97.39,1624.5,2,0,0,0
9.2,85.26,654.61,3,5,0,1
34.5,37.04,1199.5,1,6,0,1
11.3,56.04,517.83,6,10,0,1
10.7,68.8,641.29,2,10,0,1
4.3,91.71,437.7,1,8,1,1
12.8,118.2,1402.28,0,7,0,0
11.2,57.9,693.0,2,9,0,1
2.2,71.38,170.65,1,2,0,1
16.7,90.0,1552.13,1,8,1,1
50.2,68.55,4069.52,1,0,0,1
5.3,111.1,471.87,1,5,0,1
19.5,36.31,774.32,2,9,0,1
16.4,86.95,1686.69,0,1,1,0
31.4,86.71,3113.37,1,9,0,0
33.0,98.8,2827.03,3,8,0,0
72.0,71.55,4794.83,1,8,0,0
24.1,92.29,1929.5,2,7,1,1
10.0,63.77,661.43,1,10,0,0
12.5,49.97,675.16,0,6,0,1
13.6,46.32,581.75,3,5,0,1
11.6,33.96,400.75,1,1,1,1
58.5,58.97,3711.88,7,3,0,0
31.9,77.79,2403.57,3,9,0,1
28.4,64.8,2100.88,0,6,0,1
7.7,74.95,640.04,3,5,0,1
32.8,100.87,2729.67,3,8,0,1
42.5,57.06,2541.98,3,4,0,1
16.6,128.51,1910.42,0,11,1,0
12.3,88.88,1121.41,0,11,0,1
52.5,65.08,4044.07,1,5,1,0
11.0,64.51,817.41,2,9,0,1
10.0,44.8,432.06,1,5,1,1
8.6,69.36,546.53,7,7,0,1
18.7,15.96,267.4,1,7,0,1
24.0,101.39,2465.86,0,5,0,1
38.7,10.0,326.9,2,7,0,0
29.3,71.04,2124.31,3,6,0,0
29.0,41.4,960.8,3,0,0,0
46.9,52.47,2287.56,2,4,0,1
8.2,55.7,406.77,2,10,0,0
4.9,118.14,691.69,1,9,0,1
30.3,42.42,1404.16,1,9,0,1
18.1,92.86,1577.21,2,9,0,0
38.7,99.01,3211.73,1,4,0,0
19.4,11.54,225.43,1,9,0,0
12.0,54.62,579.22,3,8,0,1
30.7,107.11,3331.4,2,6,0,1
21.3,37.13,896.38,2,6,0,1
19.4,99.96,2030.93,1,9,0,0
72.0,69.55,5275.84,2,1,0,0
44.5,68.47,3098.99,3,7,0,1
33.4,71.74,2807.03,1,2,0,0
21.8,78.56,2006.97,3,8,0,0
20.4,46.11,945.82,3,5,0,1
15.7,63.49,916.77,2,8,0,1
23.4,79.26,1828.19,3,8,0,1
13.3,74.42,868.77,6,6,0,1
6.7,78.73,552.66,3,9,0,1
19.2,52.03,1001.0,1,11,1,0
24.9,85.81,1794.28,2,7,0,1
38.8,73.16,2496.09,2,1,0,1
10.1,30.48,304.74,2,4,0,0
20.5,56.72,1344.99,3,2,0,1
29.2,47.61,1425.41,2,0,0,1
28.7,47.29,1456.11,5,5,1,0
56.6,58.09,3074.54,2,11,0,1
15.9,85.34,1395.65,0,8,0,0
9.3,54.33,496.72,0,1,0,1
21.6,75.63,1733.8,1,8,0,1
16.6,71.53,971.77,3,7,0,1
14.3,50.52,722.35,1,10,0,0
12.8,61.38,721.93,1,8,1,1
24.9,91.62,2125.02,2,4,0,1
11.4,73.75,992.29,1,1,0,0
33.4,83.72,2441.2,2,9,0,1
32.3,101.81,3042.15,3,9,1,0
26.6,80.87,2156.66,5,5,0,0
8.2,21.98,206.72,3,6,0,1
24.1,76.76,1789.89,1,2,1,0
40.6,54.55,2428.36,3,5,0,0
35.1,115.26,4616.37,0,5,0,0
31.8,79.98,2347.27,5,7,1,0
20.3,55.06,1069.94,3,0,0,1
19.6,84.16,1557.08,1,3,1,0
45.0,72.27,3685.99,3,0,1,0
24.6,27.05,545.11,0,7,1,1
24.9,91.58,2102.59,4,1,0,1
72.0,59.86,4619.33,2,7,0,0
15.6,105.52,1692.3,0,2,0,0
2.0,66.89,127.13,0,7,0,0
17.5,105.98,1881.81,1,5,0,1
18.3,80.62,1295.22,1,0,0,1
24.4,94.35,2236.55,1,6,1,0
28.5,57.7,1646.68,0,6,1,1
2.5,78.83,224.15,2,5,0,1
28.9,26.84,702.25,3,0,0,1
19.1,66.82,1465.97,2,4,0,0
16.2,32.89,563.48,1,0,0,1
4.1,41.43,136.08,3,0,0,1
51.3,47.73,2666.55,1,5,1,1
14.2,86.51,998.85,5,7,0,0
32.1,66.32,2548.64,2,0,0,0
10.0,70.79,809.44,2,1,0,1
25.1,65.64,1516.87,4,4,0,1
16.4,97.02,1436.89,1,7,0,1
31.4,70.1,2095.68,0,10,0,0
16.0,76.22,1147.57,3,3,1,1
9.6,55.74,505.24,1,4,0,1
19.8,98.74,1811.24,1,9,0,0
19.0,100.61,2008.96,4,4,0,0
24.0,69.08,1433.72,2,2,0,0
38.0,55.39,2395.57,1,5,0,0
7.7,29.6,257.73,3,4,0,1
36.7,48.29,1755.57,1,1,0,1
6.7,15.82,120.54,3,9,0,1
30.6,47.23,1297.44,4,3,0,1
31.2,78.92,1988.47,4,10,0,1
13.6,68.74,978.34,1,3,0,0
10.4,128.08,1309.34,4,6,0,0
9.9,60.72,619.07,0,6,0,1
21.2,58.77,1444.69,0,8,0,1
32.6,96.57,3741.31,0,9,0,1
17.9,21.83,411.36,1,11,0,1
1.7,32.96,100.0,4,1,0,0
12.9,86.6,928.79,1,5,0,1
12.5,65.11,703.33,2,1,0,1
28.4,65.69,2038.35,1,8,0,0
29.4,46.57,1331.88,5,1,1,1
22.4,75.99,1665.19,1,5,0,0
36.7,49.8,1690.0,1,7,0,1
38.6,71.82,2890.79,2,5,0,0
13.5,41.04,484.15,2,11,0,0
9.7,65.44,669.58,2,2,0,1
18.8,120.62,1976.78,2,4,1,0
22.4,59.38,1096.21,1,3,1,1
13.0,66.71,805.39,2,0,0,0
72.0,64.94,4172.64,4,4,0,0
49.3,74.36,4239.7,4,9,0,1
12.0,81.7,804.71,4,11,0,0
8.0,76.43,535.08,4,4,0,1
11.2,76.98,878.41,1,6,0,1
39.1,65.48,2537.75,6,11,0,0
39.7,72.51,2354.67,4,6,0,1
49.7,64.65,2581.3,2,1,0,1
9.5,24.69,280.0,1,3,0,1
28.3,135.77,4087.02,1,0,0,0
10.3,88.2,856.92,2,4,0,1
56.7,45.52,2551.74,4,4,0,1
9.8,75.75,671.42,2,3,0,1
6.4,36.35,219.33,1,9,0,1
7.6,57.64,465.96,4,11,0,1
19.8,32.95,754.14,1,11,0,1
32.3,68.72,1939.11,3,6,0,1
30.9,30.47,1069.15,6,5,1,1
7.9,79.71,536.58,0,9,0,1
14.8,87.06,1138.2,3,2,0,0
13.3,49.33,532.64,3,1,0,1
6.9,74.02,438.89,2,3,0,0
13.0,48.0,728.04,0,8,0,0
48.4,82.79,3938.75,4,9,0,1
6.1,52.78,265.76,6,4,0,0
23.5,89.72,2491.68,3,0,0,1
49.1,24.71,1396.7,3,10,0,1
47.5,44.88,2346.55,1,2,0,1
58.4,42.28,2898.83,1,8,0,1
25.1,75.08,1674.38,2,6,0,1
27.8,83.88,2641.95,2,2,1,1
13.2,77.02,1093.58,2,0,0,1
5.9,57.28,389.81,2,3,0,1
17.9,10.0,199.83,2,8,1,1
42.3,70.97,2814.35,4,11,0,1
1.6,89.7,163.0,2,6,0,0
13.7,137.01,1697.41,0,4,0,0
29.7,59.39,1640.43,2,10,0,1
20.0,53.37,902.14,2,5,0,1
45.7,78.01,4189.6,3,0,0,0
39.4,63.6,2296.97,2,6,0,1
5.2,101.88,534.8,3,11,0,0
21.3,49.8,1015.05,2,4,1,1
10.7,63.78,808.53,4,6,0,1
10.6,91.91,908.99,1,4,0,0
5.6,77.71,486.31,1,4,0,0
24.0,99.03,2709.73,1,2,0,0
46.4,59.09,2669.37,1,4,0,1
25.5,101.58,2464.4,2,7,0,1
5.3,28.4,164.66,3,7,0,1
19.2,29.4,658.24,7,1,1,1
28.9,101.98,3242.02,3,10,0,0
18.1,70.18,1134.76,2,0,0,1
25.2,93.02,2706.05,2,1,0,0
11.5,72.49,793.68,2,10,0,1
16.6,69.82,1191.98,1,6,1,0
15.8,36.8,657.53,1,2,0,1
52.0,69.33,3155.97,3,7,0,0
8.1,104.04,937.7,3,3,0,0
2.0,71.42,145.72,3,9,0,0
49.9,87.05,5023.08,2,9,1,1
21.8,86.36,1639.25,4,7,1,0
6.6,44.68,285.11,2,1,0,1
37.1,91.43,3846.75,2,4,0,1
30.1,62.16,1510.56,2,5,0,0
57.6,63.51,3088.08,1,0,0,1
23.1,122.44,3388.49,2,0,0,1
72.0,84.93,5577.98,0,8,0,0
18.3,54.04,1175.3,3,4,0,1
30.1,71.61,1883.59,3,3,0,0
33.2,70.92,2221.54,3,0,0,1
14.1,112.15,1744.66,3,2,0,0
13.8,70.99,1038.87,1,3,0,1
33.6,125.2,4347.95,1,10,0,0
6.0,37.58,229.79,2,10,0,0
10.6,69.19,837.76,2,4,1,1
17.9,50.93,814.36,0,9,0,1
56.4,57.63,3174.67,0,11,0,1
33.7,58.17,1687.82,0,4,0,0
21.2,52.22,1150.06,2,9,0,1
13.1,113.25,1332.86,1,7,0,0
71.3,105.56,7021.67,3,2,0,0
19.1,80.07,1512.96,1,6,0,0
10.6,58.14,501.35,2,5,1,0
72.0,52.92,3188.26,3,9,0,0
6.3,88.55,601.55,1,10,0,0
47.3,77.5,3563.81,4,9,0,0
20.2,66.38,1538.46,1,9,0,1
33.6,83.53,3024.84,2,10,0,1
29.6,92.28,2190.61,1,5,0,1
33.3,66.15,2303.07,4,9,0,1
72.0,50.32,3034.07,4,8,1,1
72.0,36.97,2961.13,0,6,0,1
11.1,76.27,1016.3,3,10,0,0
28.8,124.18,3617.42,1,6,0,1
3.6,42.23,161.8,2,10,0,1
35.8,97.49,3120.38,0,0,0,1
41.6,53.11,2154.53,2,0,0,1
2.0,58.15,133.05,3,8,0,1
19.7,92.87,1583.03,0,8,1,1
33.6,63.62,1934.47,4,11,0,0
25.9,76.21,1934.28,0,10,1,1
6.5,75.73,530.17,6,9,1,1
7.2,53.15,362.23,4,2,0,1
17.9,92.38,1939.71,7,10,0,0
14.1,68.46,810.18,0,10,0,1
15.2,35.29,510.09,2,7,1,1
5.6,47.69,288.74,0,8,1,0
20.5,10.0,182.44,1,0,0,1
56.7,71.3,4293.51,2,11,0,0
6.7,102.6,597.9,2,2,0,1
16.8,43.82,604.95,2,5,1,1
31.0,84.64,2226.53,1,3,1,1
4.3,80.76,405.66,4,7,0,1
20.6,51.2,1079.05,2,8,0,0
40.8,108.41,4942.07,3,6,0,1
8.2,63.18,484.52,2,10,0,0
22.2,120.26,2766.22,3,0,1,0
38.8,29.11,1126.35,1,1,0,1
72.0,63.27,5367.79,2,0,0,1
21.3,66.24,1553.5,5,8,0,1
10.9,68.98,818.03,3,3,0,0
10.9,87.91,787.03,2,9,0,1
5.3,154.95,830.87,0,7,0,1
59.7,81.38,4795.59,1,4,0,1
37.2,70.61,3074.31,2,4,0,1
7.2,42.6,275.73,4,4,0,1
10.3,22.75,213.07,1,10,0,1
21.1,99.26,2017.48,5,4,0,1
40.5,56.33,2049.51,3,2,0,1
28.8,135.1,3316.42,2,5,0,1
26.9,91.71,2815.7,5,0,0,1
23.3,78.54,1871.77,3,7,1,1
7.6,79.85,690.18,1,3,0,1
21.3,80.1,1930.52,2,5,0,1
19.4,52.64,931.55,3,1,0,1
5.2,26.21,138.37,0,1,1,1
58.7,56.23,2752.32,2,7,0,1
12.2,69.54,988.31,3,0,0,1
5.3,53.8,275.8,2,7,0,1
14.0,37.85,506.45,0,9,0,0
16.3,51.29,768.65,1,9,1,1
18.9,95.89,1787.69,1,0,1,1
16.1,88.7,1282.51,2,8,0,0
19.8,74.29,1395.79,2,0,0,1
22.4,84.68,2125.13,3,3,0,1
21.6,41.7,1019.02,4,8,0,0
26.7,50.11,1234.18,2,0,0,1
27.9,77.78,2141.66,0,8,0,0
28.4,44.89,1464.7,0,7,0,1
33.6,72.71,2003.02,3,4,1,0
11.1,38.44,492.05,2,5,0,1
11.4,28.76,291.77,1,4,0,1
40.7,88.4,3852.35,5,3,0,1
14.3,95.68,1416.16,1,11,1,0
18.1,54.23,1004.32,3,9,1,1
16.9,31.99,618.34,4,11,0,0
72.0,14.79,895.21,4,3,1,1
9.5,116.05,1033.87,6,9,0,1
9.3,72.78,689.44,1,7,0,0
19.8,54.8,1222.13,4,7,0,1
17.3,60.9,933.06,4,8,0,1
7.1,22.17,176.54,1,2,0,1
18.6,85.5,1527.15,1,9,0,0
20.2,120.0,2127.6,3,7,0,0
13.2,50.43,732.93,7,2,0,1
17.8,129.59,1924.44,7,1,0,0
10.3,67.09,696.75,1,1,0,1
7.1,111.67,656.38,2,8,0,0
14.2,77.68,1042.62,3,3,0,0
8.2,77.65,662.91,2,4,0,0
5.9,116.1,694.81,4,1,1,1
2.8,89.57,244.45,3,8,1,1
23.6,79.37,1818.63,0,6,0,0
13.9,21.47,264.85,1,2,0,1
40.8,32.32,1296.52,1,5,0,0
14.8,81.46,1425.37,4,6,0,0
23.5,106.69,2858.62,5,11,0,1
11.7,73.21,733.95,2,5,0,1
19.4,55.22,868.26,2,9,1,1
2.9,24.02,100.0,6,10,0,1
14.1,50.41,716.72,2,9,0,1
9.5,73.27,709.93,3,5,1,1
38.0,48.59,2055.9,2,7,0,1
22.4,45.89,951.97,5,7,1,1
34.5,68.72,2352.0,0,4,0,1
43.9,106.21,5534.97,0,3,0,1
13.1,87.12,1223.65,0,10,0,1
21.7,77.15,1442.66,1,4,0,1
7.5,74.71,478.94,3,8,0,0
26.1,83.78,1929.37,1,11,0,0
28.9,67.25,2148.81,3,9,0,0
24.9,59.72,1362.9,1,5,1,1
13.1,88.45,938.98,3,2,1,0
62.3,64.37,4726.07,1,2,0,0
20.2,40.29,706.57,4,0,0,0
7.6,106.08,644.19,1,4,0,0
30.8,23.25,641.14,6,5,0,1
38.8,107.96,3746.1,6,7,0,0
7.7,82.66,616.27,3,10,1,0
16.3,45.77,870.33,1,8,1,1
5.2,70.61,424.51,1,6,0,0
45.0,59.28,2622.33,2,0,0,1
18.5,90.19,1605.73,2,6,0,0
9.6,89.7,878.4,0,9,0,1
39.2,81.53,2864.85,2,8,0,1
19.8,88.66,1440.62,1,3,0,1
35.6,67.13,2807.18,5,10,0,1
27.3,114.04,2724.36,1,11,0,0
8.5,100.59,748.24,1,6,0,1
12.8,58.07,733.04,2,8,0,1
9.8,90.27,883.38,0,0,0,0
7.1,88.09,503.2,1,11,0,1
3.9,63.51,212.82,3,9,1,0
70.5,61.54,4130.04,0,8,1,0
24.5,100.36,2642.2,4,3,0,0
27.2,69.63,1687.61,1,11,0,1
42.1,76.5,3124.47,0,7,0,1
12.7,105.03,1359.73,4,2,0,1
5.6,133.33,866.17,3,1,0,0
33.4,56.83,1768.66,1,11,1,1
6.6,64.48,361.9,3,7,1,1
32.9,71.85,2353.66,2,7,0,1
4.8,72.42,379.84,3,2,0,1
6.1,79.41,410.3,1,7,0,1
11.6,57.75,650.88,1,10,0,1
32.0,38.35,991.79,2,10,0,1
57.0,113.85,5280.36,1,5,0,0
27.2,85.3,2300.87,6,9,1,1
12.0,59.54,657.51,3,8,0,1
37.7,80.93,3470.25,5,9,0,0
4.6,115.82,557.28,1,5,0,0
8.9,50.3,438.48,1,7,1,1
21.3,75.28,1541.36,3,1,1,1
34.2,35.25,1204.67,0,0,0,1
16.9,67.04,926.83,1,9,1,1
15.5,85.41,1535.57,0,9,0,1
16.3,42.13,822.26,2,1,0,0
41.9,65.32,2387.3,2,11,0,0
10.4,90.0,793.53,2,3,0,1
8.3,84.73,606.37,1,9,0,0
16.1,41.06,702.31,1,8,1,1
45.8,79.34,3872.66,1,6,0,0
11.5,83.97,1095.63,1,8,0,1
16.2,72.7,1298.95,1,8,0,1
4.5,97.23,432.75,0,8,0,0
16.8,55.26,968.86,2,7,0,0
23.7,80.31,2043.49,3,5,0,0
6.6,40.87,270.57,2,10,0,1
41.9,29.98,1245.21,6,9,0,0
23.4,89.53,2220.13,2,6,0,0
13.0,70.51,938.01,7,1,0,1
23.6,58.41,1455.95,0,10,0,1
28.3,43.37,1283.24,2,0,0,1
3.3,90.68,326.31,2,4,0,0
24.2,32.3,827.56,4,7,0,0
44.8,94.82,4278.48,2,2,0,0
10.3,81.27,895.25,1,6,0,1
13.2,33.56,435.13,1,4,1,0
15.1,73.15,989.7,6,11,0,0
34.5,136.34,3763.06,3,9,0,0
7.7,99.74,787.75,0,7,0,0
27.4,49.3,1399.11,2,5,1,0
15.3,87.92,1600.96,5,5,0,0
58.8,34.6,1921.38,1,6,0,0
16.0,35.72,548.56,2,6,0,1
1.6,68.32,100.0,0,3,0,1
31.1,83.79,2157.9,3,9,0,0
26.4,90.28,2643.43,1,11,1,0
22.7,90.63,1852.11,2,9,0,1
43.9,82.37,3777.77,2,9,0,1
3.9,29.65,123.5,3,7,0,1
9.0,68.48,609.28,3,5,0,0
19.3,94.22,2091.25,1,10,1,0
21.8,81.08,1729.46,1,7,0,1
17.2,74.55,1171.65,1,6,0,0
4.6,78.23,418.23,0,0,0,1
13.3,77.81,1188.33,5,3,0,1
56.1,20.88,1013.76,2,6,0,0
7.4,98.87,590.58,2,8,0,0
19.0,67.24,1066.12,2,1,0,0
27.5,87.69,2202.34,2,4,1,1
33.8,12.36,496.45,1,8,0,0
31.0,111.52,3537.09,1,8,1,1
12.6,41.09,489.57,1,5,0,1
9.0,133.53,1383.49,0,6,0,1
59.1,122.98,7131.04,4,8,0,0
36.1,36.88,1232.62,3,9,1,0
20.4,90.43,2166.16,2,7,0,0
49.1,44.57,2493.29,5,9,0,1
5.7,54.01,347.55,4,5,0,1
1.7,54.58,100.0,3,5,0,0
21.6,81.2,1960.22,3,6,1,1
22.4,78.12,1525.64,2,6,0,1
5.1,39.96,211.29,1,1,1,1
35.2,81.0,3403.06,4,8,1,1
2.7,64.9,158.98,3,3,0,0
25.2,24.49,690.36,2,9,0,1
29.5,59.15,1736.67,5,8,0,1
21.4,111.51,1951.12,3,11,0,1
4.4,59.99,293.02,1,10,0,1
43.6,24.11,912.65,1,9,0,1
12.9,90.36,1227.13,3,2,0,0
12.9,46.81,505.2,0,4,0,0
10.9,75.36,968.24,4,4,1,0
31.7,65.7,1911.61,1,6,0,1
12.4,114.04,1259.59,1,11,0,0
6.7,65.72,376.68,2,3,0,1
38.0,41.39,1855.55,3,10,0,1
